title,artist,year,decade,lyrics
Baby One More Time,Britney Spears,1999,1990s,"151 ContributorsTranslationsItalianoEspañolTiếng ViệtPolskiTürkçePortuguêsČeskysrpskiDeutsch...Baby One More Time Lyrics“…Baby One More Time” attained global success, reaching number one in nearly every country it charted in. It also received numerous certifications around the world, and is one of the best-selling singles of… Read More 
Oh, baby, baby
Oh, baby, baby

Oh, baby, baby
How was I supposed to know
That somethin' wasn't right here?
Oh, baby, baby
I shouldn't have let you go
And now you're out of sight, yeah

Show me how you want it to be
Tell me, baby, 'cause I need to know now
Oh, because

My loneliness is killin' me (And I)
I must confess, I still believe (Still believe)
When I'm not with you, I lose my mind
Give me a sign
Hit me, baby, one more time

Oh, baby, baby
The reason I breathe is you (Oh yeah)
Boy, you got me blinded
Oh, pretty baby
There's nothing that I wouldn't do
It's not the way I planned it

Show me how you want it to be
Tell me, baby, 'cause I need to know now
Oh, because

My loneliness is killin' me (And I)
I must confess, I still believe (Still believe)
When I'm not with you, I lose my mind
Give me a sign
Hit me, baby, one more time

Oh, baby, baby (Oh)
Oh, baby, baby (Yeah, yeah)

Oh, baby, baby
How was I supposed to know?
Oh, pretty baby
I shouldn't have let you go
I must confess that my loneliness is killin' me now
Don't you know I still believe
That you will be here and give me a sign?
Hit me, baby, one more time

My loneliness is killin' me (And I)
I must confess, I still believe (Still believe)
When I'm not with you, I lose my mind
Give me a sign
Hit me, baby, one more time

I must confess that my loneliness (My loneliness is killin' me)
Is killin' me now (I must confess, I still believe)
Don't you know I still believe (When I'm not with you, I lose my mind)
That you will be here and give me a sign?
Hit me, baby, one more time"
Wannabe,Spice Girls,1996,1990s,"117 ContributorsTranslationssrpskiWannabe Lyrics“Wannabe (Tell Me What You Want)” is a hit song by the British pop group Spice Girls. It was a single from their debut album Spice, released in 1996. The girls wrote the song with the help of Richard Stannard… Read More 
Ha-ha-ha-ha-ha

Yo, I'll tell you what I want, what I really, really want
So tell me what you want, what you really, really want
I'll tell you what I want, what I really, really want
So tell me what you want, what you really, really want
I wanna (Hey), I wanna (Hey), I wanna (Hey), I wanna (Hey)
I wanna really, really, really wanna ""zig-a-zig"", ah

If you want my future
Forget my past
If you wanna get with me
Better make it fast
Now, don't go wasting
My precious time
Get your act together
We could be just fine

I'll tell you what I want, what I really, really want
So tell me what you want, what you really, really want
I wanna (Hey), I wanna (Hey), I wanna (Hey), I wanna (Hey)
I wanna really, really, really wanna ""zig-a-zig"", ah

If you wanna be my lover
You gotta get with my friends (Gotta get with my friends)
Make it last forever
Friendship never ends
If you wanna be my lover
You have got to give
Taking is too easy
But that's the way it is

Oh, what you think about that
Now you know how I feel
Say you could handle my love
Are you for real? (Are you for real?)
I won't be hasty
I'll give you a try
If you really bug me
Then I'll say goodbye

Yo, I'll tell you what I want, what I really, really want
So tell me what you want, what you really, really want
I wanna (Hey), I wanna (Hey), I wanna (Hey), I wanna (Hey)
I wanna really, really, really wanna ""zig-a-zig"", ah

If you wanna be my lover
You gotta get with my friends (Gotta get with my friends)
Make it last forever
Friendship never ends
If you wanna be my lover
You have got to give (You've got to give)
Taking is too easy
But that's the way it is

So here's a story from A to Z
You wanna get with me, you gotta listen carefully
We got Em in the place who likes it in your face
We got G like MC who likes it on an—
Easy V doesn't come for free, she's a real lady
And as for me, ha-ha, you'll see
Slam your body down and wind it all around
Slam your body down and wind it all around

If you wanna be my lover
You gotta get with my friends (Gotta get with my friends)
Make it last forever
Friendship never ends
If you wanna be my lover
You have got to give (You've got to give)
Taking is too easy
But that's the way it is

If you wanna be my lover
You gotta, you gotta, you gotta, you gotta
You gotta slam, slam, slam, slam
Make it last forever (Ha, ha, ha, ha)
Slam your body down and wind it all around
Slam your body down and wind it all around (Ha, ha, ha)
Slam your body down and wind it all around
Slam your body down and ""zig-a-zig"", ah

If you wanna be my lover"
No Scrubs,TLC,1999,1990s,"25 ContributorsTranslationsPortuguêsNo Scrubs Lyrics“No Scrubs” was the lead single from TLC’s third album, FanMail, released on February 2, 1999. The song was a huge success. Topping the charts in early 1999 and going #1 in the United States, Australia… Read More 
Oh

A scrub is a guy that thinks he's fly
And is also known as a busta
Always talkin' 'bout what he wants
And just sits on his broke ass, so

No, I don't want your number
No, I don't wanna give you mine and
No, I don't wanna meet you nowhere
No, don't want none of your time and

No, I don't want no scrub
A scrub is a guy that can't get no love from me
Hangin' out the passenger side of his best friend's ride
Trying to holla at me
I don't want no scrub
A scrub is a guy that can't get no love from me
Hangin' out the passenger side of his best friend's ride
Trying to holla at me

Well, a scrub checkin' me, but his game is kinda weak
And I know that he cannot approach me
'Cause I'm lookin' like class and he's lookin' like trash
Can't get with a deadbeat ass, so

No, I don't want your number
No, I don't wanna give you mine and
No, I don't wanna meet you nowhere
No, don't want none of your time

No, I don't want no scrub
A scrub is a guy that can't get no love from me
Hangin' out the passenger side of his best friend's ride
Trying to holla at me
I don't want no scrub
A scrub is a guy that can't get no love from me
Hangin' out the passenger side of his best friend's ride
Trying to holla at me

If you don't have a car and you're walkin'
Oh, yes, son, I'm talkin' to you
If you live at home with your mama
Oh, yes, son, I'm talkin' to you (Baby)
If you have a shorty that you don't show love
Oh, yes, son, I'm talkin' to you
Wanna get with me with no money, oh no
I don't want no
No scrub
No scrub (No, no)
No scrub (No, no, no, no)
No scrub (No, no)

No, I don't want no scrub
A scrub is a guy that can't get no love from me
Hangin' out the passenger side of his best friend's ride
Trying to holla at me
I don't want no scrub (No)
A scrub is a guy that can't get no love from me
Hangin' out the passenger side of his best friend's ride
Trying to holla at me (Yeah)
I don't want no scrub
A scrub is a guy that can't get no love from me
Hangin' out the passenger side of his best friend's ride
Trying to holla at me
I don't want no scrub
A scrub is a guy that can't get no love from me
Hangin' out the passenger side of his best friend's ride
Trying to holla at me
I don't want no scrub
A scrub is a guy that can't get no love from me
Hangin' out the passenger side of his best friend's ride
Trying to holla at me
I don't want no scrub
A scrub is a guy that can't get no love from me
Hangin' out the passenger side of his best friend's ride
Trying to holla at me
I don't want no scrub
A scrub is a guy that can't get no love from me
Hangin' out the passenger side of his best friend's ride
Trying to holla at me
I don't want no scrub
A scrub is a guy that can't get no love from me
Hangin' out the passenger side of his..."
Waterfalls,TLC,1995,1990s,"119 ContributorsWaterfalls Lyrics“Waterfalls” is a Grammy-nominated 1995 single by TLC from their second album CrazySexyCool and arguably the group’s signature song.

The song was produced by Organized Noize and written by Marqueze Etheridge… Read More 
A lonely mother gazing out of the window
Staring at a son that she just can't touch
If at any time he's in a jam, she'll be by his side
But he doesn't realize he hurts her so much
But all the praying just ain't helping at all
'Cause he can't seem to keep himself out of trouble
So he goes out and he makes his money the best way he knows how
Another body laying cold in the gutter, listen to me

Don't go chasing waterfalls
Please stick to the rivers and the lakes that you're used to
I know that you're gonna have it your way or nothing at all
But I think you're moving too fast

Little precious has a natural obsession
For temptation, but he just can't see
She gives him loving that his body can't handle
But all he can say is, ""Baby, it's good to me""
One day, he goes and takes a glimpse in the mirror
But he doesn't recognize his own face
His health is fading, and he doesn't know why
Three letters took him to his final resting place, y'all don't hear me

Don't go chasing waterfalls
Please stick to the rivers and the lakes that you're used to
I know that you're gonna have it your way or nothing at all (Your way or no way)
But I think you're moving too fast
Don't go chasing waterfalls
Please stick to the rivers and the lakes that you're used to
I know that you're gonna have it your way or nothing at all
But I think you're moving too fast

Come on!
I seen a rainbow yesterday, but too many storms
Have come and gone, leaving a trace of not one God-given ray
Is it because my life is ten shades of gray?
I pray all ten fade away, seldom praise Him for the sunny days
And like His promise is true, only my faith can undo
The many chances I blew to bring my life to anew
Clear blue and unconditional skies
Have dried the tears from my eyes, no more lonely cries
My only bleeding hope is for the folk who can't cope
With such an endurin' pain that it keeps 'em in the pourin' rain
Who's to blame for tooting 'caine into your own vein?
What a shame, you shoot and aim for someone else's brain
You claim the insane, and name this day in time
For falling prey to crime
I say the system got you victim to your own mind
Dreams are hopeless aspirations in hopes of coming true
Believe in yourself, the rest is up to me and you

Don't go chasing waterfalls
Please stick to the rivers and the lakes that you're used to
I know that you're gonna have it your way or nothing at all
But I think you're moving too fast
Don't go chasing waterfalls
Please stick to the rivers and the lakes that you're used to
I know that you're gonna have it your way or nothing at all
But I think you're movin' too fast (Ooh, you're movin' too fast)
Don't go chasing waterfalls (Don't go, don't go)
Please stick to the rivers and the lakes that you're used to
I know that you're gonna have it your way or nothing at all (I know, I know, your way, hey)
But I think you're moving too fast"
I Will Always Love You,Whitney Houston,1992,1990s,"107 ContributorsTranslationsΕλληνικάItalianosrpskiDeutschI Will Always Love You Lyrics“I Will Always Love You” was covered by Whitney Houston and recorded for her 1992 film The Bodyguard. The song was originally written by Dolly Parton and released on June 6, 1974 as the second single from her… Read More 
If I should stay
I would only be in your way
So I'll go, but I know
I'll think of you every step of the way

And I
Will always love you
I will always love you

You
My darling, you
Mm, mm

Bittersweet memories
That is all I'm taking with me
So goodbye, please, don't cry
We both know I'm not what you, you need

And I
Will always love you
I will always love you
You

I hope life treats you kind
And I hope you have all you've dreamed of
And I wish to you joy and happiness
But above all this, I wish you love

And I will always love you
I will always love you
I will always love you
I will always love you
I will always love you
I, I will always love you, you

Darling, I love you
Ooh, I'll always
I'll always love you"
Creep,TLC,1994,1990s,"45 ContributorsCreep Lyrics“Creep” is the first single from TLC’s iconic sophomore album CrazySexyCool.

The lyrics are from the perspective of a woman who is aware of her boyfriend’s infidelity, and in turn, cheats on him in an effort… Read More 
Yes
It's me again
And I'm back
Ah-ah, woo

(Creep) Oh I, oh I, oh I, yeah
(Creep) Oh I, oh I, oh I, ah yeah
(Creep) Oh I oh I, oh I, ah yeah

The 22nd of loneliness
And we've been through so many things
I love my man with all honesty
But I know he's cheating on me

(Creep) I look him in his eyes
But all he tells me is lies to keep me near
I'll never leave him down
Though I might mess around
It's only 'cause I need some affection

So I creep, yeah
Just keep it on the down low
Said nobody is supposed to know
So I creep, yeah
'Cause he doesn't know what I do
And no attention goes to show
Oh, so I creep

The 23rd of loneliness
And we don't talk like we used to do
Now it seems pretty strange
But I'm not buggin', 'cause I still feel the same
Yeah, yeah

(Creep) I'll keep giving loving
'Till the day he pushes me away
Never go astray
If he knew the things I did (Woo)
He couldn't handle it
And I choose to keep him protected, oh

So I creep, yeah
Just keep it on the down low
Said nobody is supposed to know
So I creep, yeah (Yeah)
'Cause he doesn't know what I do
And no attention goes to show, oh
(So I creep, yeah)
I think about us baby all the time
(Just keep it on the down low)
But you know that I'm gonna need some attention, yeah, yeah
(Said nobody is supposed to know)
And I shake it
(So I creep, yeah)
Love you forever, baby, soul and mind
('Cause he doesn't know what I do)
And you gotta know it, if you don't give it, I'm gonna get mine, yeah, yeah
(And no attention goes to show, oh)

(So I creep) Oh I, oh I, oh I, yeah
(So I creep) Oh I, oh I, oh I, yeah
(So I creep) Oh I, oh I, oh I, baby
Oh I, oh I, oh I, ah yeah

Yeah, yeah
Yeah, yeah
Yeah

(So I creep, yeah)
I creep around because I need attention
(I just keep it on the down low)
Don't mess around with my affection, yeah
(So I creep, yeah)
I creep around because I need attention
('Cause he doesn't know what I do)
Don't mess around with my affection, yeah
(So I creep, yeah)
Oh I, oh I, oh I, ah yeah
(I just keep it on the down low)
Oh I, oh I, oh I, ah
(So I creep, yeah)
Oh I, oh I, oh I, ah yeah
('Cause he doesn't know what I do)
Oh I, oh I, oh I, ah

So I creep, yeah (Yeah)
Just keep it on the down low
Said nobody is supposed to know
So I creep, yeah
'Cause he doesn't know what I do
And no attention, goes to show"
MMMBop,Hanson,1997,1990s,"48 ContributorsMMMBop Lyrics“MMMBop” was Hanson’s most successful single, and the song that propelled them into the world sales stratosphere, selling 10 million copies off the back of this debut single.

Looking back on the song, the… Read More 
Oh
Oh, ooh
Oh, ooh
Oh, yeah

You have so many relationships in this life
Only one or two will last
You go through all the pain and strife
Then you turn your back and they're gone so fast
Oh, yeah
And they're gone so fast, yeah

Oh, so hold on the ones who really care
In the end, they'll be the only ones there
When you get old, start losing your hair
Can you tell me who will still care?
Can you tell me who will still care?

Oh, ooh, yeah, yeah

Mmmbop, ba duba dop ba
Du bop, ba duba dop ba
Du bop, ba duba dop ba du
Yeah, yeah
Mmmbop, ba duba dop ba
Du bop, ba du dop ba
Du bop, ba du dop ba du
Yeah, yeah

Said oh, yeah
In an mmmbop, they're gone
Yeah, yeah

Plant a seed, plant a flower, plant a rose
You can plant any one of those
Keep planting to find out which one grows
It's a secret no one knows
It's a secret no one knows
Oh, no one knows

Mmmbop, ba duba dop ba
Du bop, ba duba dop ba
Du bop, ba duba dop ba du
Yeah, yeah
Mmmbop, ba duba dop ba
Du bop, ba du dop ba
Du bop, ba du dop ba du
Yeah, yeah

In an mmmbop, they're gone
In an mmmbop, they're not there
In an mmmbop, they're gone
In an mmmbop, they're not there
Until you lose your hair
Ooh, but you don't care
Yeah, yeah

Mmmbop, ba duba dop ba
Du bop, ba duba dop ba
Du bop, ba duba do ba du
Yeah, yeah
Mmmbop, ba duba dop ba
Du bop, ba du dop ba
Du bop, ba du dop ba du
Yeah

Can you tell me? Oh
No, you can't 'cause you don't know
Can you tell me? Oh, yeah
You say you can, but you don't know
Can you tell me? Oh
Which flower's going to grow?
No, you can't 'cause you don't know
Can you tell me?
If it's gonna be a daisy or a rose?
You say you can, but you don't know
Can you tell me? Oh
Which flower's going to grow?
No, you can't 'cause you don't know
Can you tell me?
You say you can, but you don't know
Said you can, but you don't know
You don't know, oh, don't know, oh

Mmmbop, du bop
Du bop, du
Yeah, yeah
Mmmbop, du bop
Du bop, du
Yeah, yeah
Mmmbop, ba duba dop ba
Du bop, ba duba dop ba
Du bop, ba duba dop ba du
Yeah, yeah
Mmmbop, ba duba dop ba
Du bop, ba du dop ba
Du bop, ba du dop ba du
Oh
Mmmbop, ba duba dop ba
Du bop, ba duba dop ba
Du bop, ba duba dop ba du
Whoa
Mmmbop, ba duba dop ba
Du bop, ba du dop ba
Du bop, ba du dop ba du
Whoa, yeah

Can you tell me? Oh
No, you can't 'cause you don't know
Can you tell me? Oh, yeah
You say you can, but you don't know
Say you can, but you don't know, don't"
Livin La Vida Loca,Ricky Martin,1999,1990s,"81 ContributorsTranslations日本語 (Japanese)TürkçeDeutschLivin’ La Vida Loca LyricsMartin’s biggest ever worldwide song, and a possible gateway to artists such as Shakira, Enrique Iglesias and even Paulina Rubio to cross over into the English speaking Billboard Charts.

“Livin' La Vida… Read More 
Do a little more vibe on this track, please

She's into superstitions
Black cats and voodoo dolls
I feel a premonition
That girl's gonna make me fall

She's into new sensations
New kicks in the candlelight
She's got a new addiction
For every day and night

She'll make you take your clothes off
And go dancin' in the rain
She'll make you live her crazy life
But she'll take away your pain
Like a bullet to your brain (Come on)

Upside, inside out
She's livin' la vida loca
She'll push and pull you down
Livin' la vida loca
Her lips are devil-red
And her skin's the color mocha
She will wear you out
Livin' la vida loca (Come on)
Livin' la vida loca (Come on)
She's livin' la vida loca

Woo
All right

Woke up in New York City
In a funky cheap hotel
She took my heart, and she took my money
She must've slipped me a sleeping pill

She never drinks the water, makes you order French champagne
Once you've had a taste of her, you'll never be the same
Yeah, she'll make you go insane (Come on)

Upside, inside out
She's livin' la vida loca
She'll push and pull you down
Livin' la vida loca
Her lips are devil-red
And her skin's the color mocha
She will wear you out
Livin' la vida loca (All right)
Livin' la vida loca
She's livin' la vida loca

Woo

She'll make you take your clothes off and go dancin' in the rain
She'll make you live her crazy life, but she'll take away your pain
Like a bullet to your brain (Come on)

Upside, inside out
She's livin' la vida loca
She'll push and pull you down
Livin' la vida loca
Her lips are devil-red
And her skin's the color mocha
She will wear you out
Livin' la vida loca (Come on)
Livin' la vida loca (Come on)
She's livin' la vida loca (Come on)
Upside, inside out
She's livin' la vida loca
She'll push and pull you down
Livin' la vida loca
Her lips are devil-red
And her skin's the color mocha
She will wear you out
Livin' la vida loca (Come on)
Livin' la vida loca (Come on)
She's livin' la vida loca (Come on)

Gotta, gotta, gotta la vida, come on
Come on, everyone
Come on
Gotta la vida loca
Gotta, gotta la vida loca
Gotta, gotta la vi—"
Genie In A Bottle,Christina Aguilera,1999,1990s,"63 ContributorsTranslationsPortuguêsČeskyGenie in a Bottle LyricsReleased in 1999, “Genie in a Bottle” was the lead single from Christina Aguilera’s self-titled debut album. The song sold over 7 million copies, and propelled her to international success.
(Come on, come on, uh, yeah)
Ooh, woah-oh (Come on, come on, uh)

I feel like I've been locked up tight
For a century of lonely nights
Waiting for someone to release me
You're lickin' your lips and blowin' kisses my way
But that don't mean I'm gonna give it away
Baby, baby, baby (Baby, baby, baby)

Oh-oh-woah
My body's sayin', ""Let's go"" (Go)
Oh-oh-woah
But my heart is sayin', ""No, no""

If you wanna be with me
Baby, there's a price to pay
I'm a genie in a bottle (In a bottle, baby)
You gotta rub me the right way (Yeah)
If you wanna be with me
I can make your wish come true
You gotta make a big impression (Oh, yeah)
Gotta like what you do (What you do)

I'm a genie in a bottle, baby
You gotta rub me the right way, honey
I'm a genie in a bottle, baby
Come, come, come on and let me out

The music's bangin' and the lights down low
Just one more dance and then we're good to go
Waiting for someone who needs me (Mm)
Hormones racin' at the speed of light
But that don't mean it's gotta be tonight (Yeah)
Baby, baby, baby (Baby, baby, baby)

Oh-oh-woah
My body's sayin', ""Let's go""
Oh-oh-ooh (Mm)
But my heart is sayin', ""No"" (But my heart is sayin' ""No, no"")

If you wanna be with me
Baby, there's a price to pay
I'm a genie in a bottle (I'm a genie in a bottle)
You gotta rub me the right way (Oh, yeah)
If you wanna be with me (Ooh)
I can make your wish come true (Your wish come true, oh)
Just come and set me free, baby
And I'll be with you

I'm a genie in a bottle, baby
You gotta rub me the right way, honey
I'm a genie in a bottle, baby
Come, come, come on and let me out
I'm a genie in a bottle, baby (Mm)
Gotta rub me the right way, honey (Mm; if you wanna be with me)
I'm a genie in a bottle, baby (Come on, come on)
Come, come, come on and let me out

Oh-oh-woah (Come on, come on)
My body's sayin', ""Let's go""
Oh-oh-woah (Mm; come on, come on)
But my heart is sayin', ""No, no""

If you wanna be with me
Baby, there's a price to pay (Pay)
I'm a genie in a bottle (I'm a genie in a bottle)
You gotta rub me the right way (Woah)
If you wanna be with me (With me)
I can make your wish come true (Ooh)
You gotta make a big impression
Gotta like what you do (Oh, yeah, yeah)
If you wanna be with me (If you wanna be with me)
Baby, there's a price to pay (Uh, yeah, uh)
I'm a genie in a bottle (Yeah, in a bottle, baby)
You gotta rub me the right way (You gotta rub me the right way)
If you wanna be with me (If you wanna be with me, yeah)
I can make your wish come true
Just come and set me free, baby
And I'll be with you

I'm a genie in a bottle, baby
Come, come, come on and let me out"
I Want It That Way,Backstreet Boys,1999,1990s,"168 ContributorsTranslationsEspañolPortuguêsΕλληνικάDeutschI Want It That Way Lyrics“I Want It That Way” is about a strained relationship. The lyrical interpretation of this song, however, is notoriously muddled. They don’t necessarily make sense—and this is the subject of much the online… Read More 
Yeah

You are my fire
The one desire
Believe when I say
I want it that way

But we are two worlds apart
Can't reach to your heart
When you say
That I want it that way

Tell me why
Ain't nothin' but a heartache
Tell me why
Ain't nothing but a mistake
Tell me why
I never wanna hear you say
I want it that way

Am I your fire?
Your one desire
Yes, I know it's too late
But I want it that way

Tell me why
Ain't nothin' but a heartache
Tell me why
Ain't nothin' but a mistake
Tell me why
I never wanna hear you say
I want it that way

Now I can see that we've fallen apart
From the way that it used to be, yeah
No matter the distance, I want you to know
That deep down inside of me

You are my fire
The one desire
You are (You are, you are, you are)
Don't wanna hear you say

Ain't nothin' but a heartache (Hey, yeah)
Ain't nothin' but a mistake (Don't wanna hear you say)
I never wanna hear you say (Oh, yeah)
I want it that way

Tell me why
Ain't nothin' but a heartache
Tell me why
Ain't nothin' but a mistake
Tell me why
I never wanna hear you say (Don't wanna hear you say)
I want it that way
Tell me why
Ain't nothin' but a heartache
Ain't nothin' but a mistake
Tell me why
I never wanna hear you say (Never wanna hear you say, yeah)
I want it that way

'Cause I want it that way"
Un-Break My Heart,Toni Braxton,1996,1990s,"38 ContributorsTranslationsDeutschEspañolUn-Break My Heart Lyrics“Un-Break My Heart” is Toni Braxton’s 2nd single released via LaFace Records off of her second studio album, Secrets, with Diane Warren as the writer of this ballad. Braxton, however, expressed dislike for… Read More 
La, la, la, la, la, la, la
Ah, ah
Ah-aye-aye, yeah, yeah

Don't leave me in all this pain
Don't leave me out in the rain
Come back and bring back my smile
Come and take these tears away
I need your arms to hold me now
The nights are so unkind
Bring back those nights when I held you beside me

Un-break my heart
Say you'll love me again
Undo this hurt you caused
When you walked out the door
And walked out of my life
Un-cry these tears
I cried so many nights
Un-break my heart
My heart

Take back that sad word goodbye
Bring back the joy to my life
Don't leave me here with these tears
Come and kiss this pain away
I can't forget the day you left
Time is so unkind
And life is so cruel without you here beside me

Un-break my heart
Say you'll love me again
Undo this hurt you caused
When you walked out the door
And walked out of my life
Un-cry these tears
I cried so many nights
Un-break my heart
Oh-oh-oh, ooh!

Don't leave me in all this pain
Don't leave me out in the rain
Bring back the nights when I held you beside me

Ooh, un-break my heart
Say you'll love me again
Undo this hurt you caused
When you walked out the door
And walked out of my life
Un-cry these tears
I cried so many, many nights
Ooh, un-break my
Un-break my heart, oh, baby
Come back and say you love me
Un-break my heart, sweet darlin'
Without you, I just can't go on

Say that you love me, say that you love me, tell me you love me
Un-break my- (Can't go on)
Say that you love me, say that you love me, tell me you love me
Un-break my-
Say that you love me, say that you love me, tell me you love me
Un-break my-
Say that you love me, say that you love me, tell me you love me
Un-break my-"
Believe,Cher,1998,1990s,"63 ContributorsTranslationsDeutschBelieve LyricsCher’s “Believe” is about getting over heartbreak. It pioneered the use of Auto-Tune as a recognizable vocal effect; at the time it was known as the “Cher effect”.

According to The New York Times the song… Read More 
(After love, after love)
(After love, after love)
(After love, after love)
(After love, after love)
(After love, after love)
(After love, after love)

No matter how hard I try
You keep pushing me aside
And I can't break through
There's no talking to you
It's so sad that you're leaving
It takes time to believe it
But after all is said and done
You're gonna be the lonely one, oh

Do you believe in life after love?
I can feel something inside me say
""I really don't think you're strong enough, no""
Do you believe in life after love?
I can feel something inside me say
""I really don't think you're strong enough, no""

What am I supposed to do
Sit around and wait for you?
Well, I can't do that
And there's no turning back
I need time to move on
I need love to feel strong
'Cause I've had time to think it through
And maybe I'm too good for you, oh

Do you believe in life after love?
I can feel something inside me say
""I really don't think you're strong enough, no""
Do you believe in life after love?
I can feel something inside me say
""I really don't think you're strong enough, no""

Well, I know that I'll get through this
'Cause I know that I am strong
And I don't need you anymore
Oh, I don't need you anymore
Oh, I don't need you anymore
No, I don't need you anymore

Do you believe in life after love?
I can feel something inside me say
""I really don't think you're strong enough, no""
Do you believe in life after love?
I can feel something inside me say
""I really don't think you're strong enough, no""
Do you believe in life after love?
I can feel something inside me say
""I really don't think you're strong enough, no""
Do you believe in life after love?
I can feel something inside me say
""I really don't think you're strong enough, no""
(Do you believe in life after love?)"
Kiss From A Rose,Seal,1995,1990s,"83 ContributorsTranslationsDeutschKiss from a Rose Lyrics“Kiss from a Rose” is a song from Seal’s second eponymous album, Seal II. The song was first released as a single in July 1994. Re-released in 1995, it was included on the Batman Forever Soundtrack, which… Read More 

Ba-ya-ya, ba-da-da-da-da-da, ba-ya-ya
Ba-ya-ya, ba-da-da-da-da-da, ba-ya-ya
Ba-ya-ya, ba-da-da-da-da-da, ba-ya-ya
Ba-ya-ya, ba-da-da-da-da-da, ba-ya-ya

There used to be a greying tower alone on the sea
And you became the light on the dark side of me
Love remained a drug that's the high and not the pill

But did you know that when it snows
My eyes become large and
The light that you shine can't be seen?

Baby, I compare you to a kiss from a rose on the grey
Ooh, the more I get of you, stranger it feels, yeah
And now that your rose is in bloom
A light hits the gloom on the grey

Ba-ya-ya, ba-da-da-da-da-da, ba-ya-ya
Ba-ya-ya, ba-da-da-da-da-da, ba-ya-ya

There is so much a man can tell you
So much he can say
You remain my power, my pleasure, my pain, baby
To me, you're like a growing addiction that I can't deny
Won't you tell me, is that healthy, baby?

But did you know that when it snows
My eyes become large and
The light that you shine can't be seen?

Baby, I compare you to a kiss from a rose on the grey
Ooh, the more I get of you, stranger it feels, yeah
Now that your rose is in bloom
A light hits the gloom on the grey

I've been kissed by a rose on the grey
I, I've been kissed by a rose on the grey
I've (And if I should fall, will it all go away?) been kissed by a rose on the grey
I, I've been kissed by a rose on the grey

There is so much a man can tell you
So much he can say
You remain my power, my pleasure, my pain
To me you're like a growing addiction that I can't deny, yeah
Won't you tell me, is that healthy, baby?

But did you know that when it snows
My eyes become large and
The light that you shine can't be seen?

Baby, I compare you to a kiss from a rose on the grey
Ooh, the more I get of you, the stranger it feels, yeah
Now that your rose is in bloom
A light hits the gloom on the grey
Yes, I compare you to a kiss from a rose on the grey
Ooh, the more I get of you, the stranger it feels, yeah
And now that your rose is in bloom
A light hits the gloom on the grey

Ba-ya-ya, ba-da-da-da-da-da, ba-ya-ya

Now that your rose is in bloom
A light hits the gloom on the grey"
End Of The Road,Boyz II Men,1992,1990s,"51 ContributorsTranslationsDeutschEnd of the Road LyricsIn this song, one of the Boyz know that his time with his girl is coming to an end, but he isn’t ready to let go of her.

“End of the Road” was Boyz II Men’s first ever #1 single, reaching #1 on the Billboard… Read More 
Girl, you know we belong together
I have no time for you to be playin' with my heart like this
You'll be mine forever, baby, you just see

We belong together
And you know that I'm right
Why do you play with my heart
Why do you play with my mind?
Said we'd be forever
Said it'd never die
How could you love me and leave me
And never say goodbye?

When I can't sleep at night without holding you tight
Girl, each time I try, I just break down and cry
Pain in my head, oh, I'd rather be dead
Spinnin' around and around

Although we've come to the end of the road
Still, I can't let go
It's unnatural, you belong to me, I belong to you
Come to the end of the road
Still, I can't let go
It's unnatural, you belong to me, I belong to you

Girl, I know you really love me
You just don't realize
You've never been there before
It's only your first time
Maybe I'll forgive you, mmm
Maybe you'll try
We should be happy together
Forever, you and I

Will you love me again like you loved me before?
This time, I want you to love me much more
This time instead, just come to my bed
And baby, just don't let me, don't let me down, oh

Although we've come to the end of the road (End of the road)
Still, I can't let go (The end of the road and I know I can't let go, baby)
It's unnatural, you belong to me, I belong to you (I don't know what I'm gonna do)
Come to the end of the road (I don't know what I'm gonna do 'cause I know I've come to the end of the road, the end of the road)
Still, I can't let go (Oh my God, oh my God, help me out a little bit, baby)
It's unnatural, you belong to me, I belong to you

Girl, I'm here for you
All those times at night when you just hurt me
And just ran out with that other fella
Baby, I knew about it, I just didn't care
You just don't understand how much I love you, do you?
I'm here for you
I'm not out to go out and cheat all night (Maybe I'll forgive you, baby)
Just like you did, baby, but that's alright
Heh, I love you anyway (Maybe you'll try)
And I'm still gonna be here for you 'til my dying day, baby
Right now, I'm just in so much pain, baby (We should be happy together forever)
'Cause you just won't come back to me (You and I)
Will you? Just come back to me (Yeah, yeah)

(Lonely) Yes, baby, my heart is lonely
(Lonely) My heart hurts, baby
(Lonely) Yes, I feel pain too
(Lonely) Baby, please

This time instead, just come to my bed
And baby, just don't let me down

Although we've come to the end of the road (We've come to the end of the road)
Still, I can't let go (I know I just can't let go, no)
It's unnatural, you belong to me, I belong to you (No, no, no, no, no, no, no, no)
(I don't know what I'm gonna do)
Come to the end of the road (I don't know what I'm gonna do 'cause I know I've come to the end of the road, the end of the road)
Still, I can't let go (Oh my God, oh my God, help me out a little bit, baby)
It's unnatural (Baby), you belong to me (Baby), I belong to you (Baby)
Although we've come to the end of the road
Still, I can't let go (Alright, alright, alright)
It's unnatural, you belong to me, I belong to you (It's unnatural, you belong to me, I belong to you, woah)
Come to the end of the road (Although we've come to the end of the road)
Still, I can't let go (I know I just can't let go, no)
It's unnatural, you belong to me, I belong to you (No, no, no, no, no, no, no, no)"
Torn,Natalie Imbruglia,1997,1990s,"67 ContributorsTranslationsFrançaisDeutschTorn LyricsSmash hit in the nineties. Few are aware that this is actually a cover of a song initially written by the three future members of Ednaswap, Scott Cutler, Phil Thornalley, and Anne Preven, for Preven’s solo… Read More 
I thought I saw a man brought to life
He was warm, he came around like he was dignified
He showed me what it was to cry
Well, you couldn't be that man I adored
You don't seem to know, seem to care what your heart is for
But I don't know him anymore

There's nothin' where he used to lie
My conversation has run dry
That's what's goin' on
Nothing's fine, I'm torn

I'm all out of faith, this is how I feel
I'm cold, and I am shamed, lying naked on the floor
Illusion never changed into something real
I'm wide awake and I can see the perfect sky is torn
You're a little late, I'm already torn

So I guess the fortune teller's right
I should've seen just what was there
And not some holy light
But you crawled beneath my veins, and, now

I don't care, I had no luck
I don't miss it all that much
There's just so many things
That I can't touch, I'm torn

I'm all out of faith, this is how I feel
I'm cold, and I am shamed, lying naked on the floor
Illusion never changed into something real
I'm wide awake and I can see the perfect sky is torn
You're a little late, I'm already torn
Torn

(Ooh, ooh-ooh, ooh)
There's nothing where he used to lie
My inspiration has run dry
That's what's goin' on
Nothing's right, I'm torn

I'm all out of faith, this is how I feel
I'm cold, and I am shamed, lying naked on the floor
Illusion never changed into something real
I'm wide awake and I can see the perfect sky is torn
I'm all out of faith, this is how I feel
I'm cold, and I'm ashamed, bound and broken on the floor
You're a little late, I'm already torn
Torn, woah

Oh, yeah, oh, yeah
Oh, yeah, oh, yeah
Oh, yeah, oh, yeah"
Iris,Goo Goo Dolls,1998,1990s,"116 ContributorsTranslationsDeutschÍslenskaČeskyItalianosrpskiPolskiEspañolIris Lyrics“Iris” was written for the 1998 film City of Angels starring Nicolas Cage. John Rzeznik explained:

When I wrote it, I was thinking about the situation of the Nicolas Cage character in the movie. This guy is… Read More 
And I'd give up forever to touch you
'Cause I know that you feel me somehow
You're the closest to heaven that I'll ever be
And I don't wanna go home right now
And all I could taste is this moment
And all I can breathe is your life
And sooner or later, it's over
I just don't wanna miss you tonight

And I don't want the world to see me
'Cause I don't think that they'd understand
When everything's made to be broken
I just want you to know who I am

And you can't fight the tears that ain't comin'
Or the moment of truth in your lies
When everything feels like the movies
Yeah, you bleed just to know you're alive

And I don't want the world to see me
'Cause I don't think that they'd understand
When everything's made to be broken
I just want you to know who I am

And I don't want the world to see me
'Cause I don't think that they'd understand
When everything's made to be broken
I just want you to know who I am
And I don't want the world to see me
'Cause I don't think that they'd understand
When everything's made to be broken
I just want you to know who I am
I just want you to know who I am
I just want you to know who I am
I just want you to know who I am"
Losing My Religion,R.E.M.,1991,1990s,"124 ContributorsLosing My Religion Lyrics“Losing My Religion” was released as a single in February 1991, in advance of R.E.M.’s album, Out of Time, where it appeared as the second track.

It became R.E.M’s biggest hit, reaching #4 on the Billboard… Read More 

Oh, life, it's bigger
It's bigger than you
And you are not me
The lengths that I will go to
The distance in your eyes
Oh no, I've said too much
I set it up

That's me in the corner
That's me in the spotlight
Losin' my religion
Tryin' to keep up with you
And I don't know if I can do it
Oh no, I've said too much
I haven't said enough

I thought that I heard you laughing
I thought that I heard you sing
I think I thought I saw you try

Every whisper
Of every waking hour
I'm choosin' my confessions
Tryin' to keep an eye on you
Like a hurt, lost, and blinded fool, fool
Oh no, I've said too much
I set it up

Consider this
Consider this, the hint of the century
Consider this, the slip
That brought me to my knees, failed
What if all these fantasies come
Flailing around?
Now, I've said too much

I thought that I heard you laughing
I thought that I heard you sing
I think I thought I saw you try

But that was just a dream
That was just a dream

That's me in the corner
That's me in the spotlight
Losin' my religion
Tryin' to keep up with you
And I don't know if I can do it
Oh no, I've said too much
I haven't said enough

I thought that I heard you laughing
I thought that I heard you sing
I think I thought I saw you try

But that was just a dream
Try, cry, why try?
That was just a dream
Just a dream
Just a dream, dream"
Smells Like Teen Spirit,Nirvana,1991,1990s,"347 ContributorsTranslationsРусский (Russian)TürkçeEspañolPortuguêsItalianoעברית (Hebrew)FrançaisDeutschفارسیČeskySvenskaPolskiМакедонскиSmells Like Teen Spirit LyricsConsidered by many to be the ultimate grunge anthem, “Smells Like Teen Spirit” was the lead single for Nirvana’s second studio album and major label debut, September 1991’s Nevermind. The song’s success and… Read More 
Load up on guns, bring your friends
It's fun to lose and to pretend
She's over-bored and self-assured
Oh no, I know a dirty word

Hello, hello, hello, how low
Hello, hello, hello, how low
Hello, hello, hello, how low
Hello, hello, hello

With the lights out, it's less dangerous
Here we are now, entertain us
I feel stupid and contagious
Here we are now, entertain us
A mulatto, an albino
A mosquito, my libido, yeah

Hey, yay

I'm worse at what I do best
And for this gift, I feel blessed
Our little group has always been
And always will until the end

Hello, hello, hello, how low
Hello, hello, hello, how low
Hello, hello, hello, how low
Hello, hello, hello

With the lights out, it's less dangerous
Here we are now, entertain us
I feel stupid and contagious
Here we are now, entertain us
A mulatto, an albino
A mosquito, my libido, yeah

Hey, yay

And I forget just why I taste
Oh, yeah, I guess it makes me smile
I found it hard, it's hard to find
Oh, well, whatever, never mind

Hello, hello, hello, how low
Hello, hello, hello, how low
Hello, hello, hello, how low
Hello, hello, hello

With the lights out, it's less dangerous
Here we are now, entertain us
I feel stupid and contagious
Here we are now, entertain us
A mulatto, an albino
A mosquito, my libido

A denial, a denial
A denial, a denial
A denial, a denial
A denial, a denial
A denial"
Black Or White,Michael Jackson,1991,1990s,"130 ContributorsBlack or White Lyrics“Black or White” was the first single from Michael Jackson’s highly-anticipated eighth album Dangerous. With it, Jackson tied The Supremes for “third-most #1 songs in the US” when it became his 12th chart… Read More 
(Hey!) What?
(Turn it off) But dad, this is the best part!
(Turn it off) No!
(It's too late for this, turn it off)
Dad, this is the best part, come on
(No, turn it off now) No, this is the—, I wanna listen to it, okay?
('Cause it's too loud and disturbs the neighbors, turn it off now)
Right, too late? Sure, eat this

Aaow! (Ooh)
Aaow!

I took my baby on a Saturday bang
Boy, is that girl with you?
Yes, we're one and the same

Now, I believe in miracles
And a miracle has happened tonight, hee
But if you're thinking about my baby
It don't matter if you're black or white, ooh

They print my message in the Saturday sun
I had to tell 'em, ""I ain't second to none""

And I told about equality and it's true
Either you're wrong or you're right, hee
But if you're thinking about my baby
It don't matter if you're black or white, hoo

Gone wit' ya, babe
Hee-hee

I am tired of this devil
I am tired of this stuff
I am tired of this business
Go when the going gets rough
I ain't scared of your brother
I ain't scared of no sheets
I ain't scared of nobody
Go when the going gets mean

Protection for gangs, clubs, and nations
Causing grief in human relations
It's a turf war on a global scale
I'd rather hear both sides of the tale
See, it's not about races, just places, faces
Where your blood comes from, it's where your space is
I've seen the bright get duller
I'm not gonna spend my life being a color

Don't tell me you agree with me
When I saw you kicking dirt in my eye (Hee-hee)
But if you're thinking about my baby
It don't matter if you're black or white

I said if you're thinking of being my baby
It don't matter if you're black or white
I said if you're thinking of being my brother
It don't matter if you're black or white

Alright, alright (Ooh-ooh)
Alright (Yeah, yeah, yeah), yeah, now
Alright, alright (Ooh-ooh)
Shamone, don't (Yeah, yeah, yeah)
Yeah, now, alright, ah
It's black, it's white
It's tough for you to beat, yeah (Yeah, yeah, yeah)
It's black, it's white (It's white)
It's black, it's white
It's tough for you to beat, yeah (Yeah, yeah, yeah)
It's black, it's white, hoo!"
Gangsta's Paradise,Coolio,1995,1990s,"260 ContributorsTranslationssrpskiDeutschРусский (Russian)EspañolMagyarGangsta’s Paradise Lyrics“Gangsta’s Paradise” was released in August 1995 as the lead single from the Dangerous Minds soundtrack and the song’s success led Coolio to name his second studio album Gangsta’s Paradise, which was released… Read More 
As I walk through the valley of the shadow of death
I take a look at my life and realize there's nothin' left
'Cause I've been blastin' and laughin' so long that
Even my mama thinks that my mind is gone
But I ain't never crossed a man that didn't deserve it
Me be treated like a punk? You know that's unheard of
You better watch how ya talkin' and where you walkin'
Or you and your homies might be lined in chalk
I really hate to trip, but I gotta loc
As they croak, I see myself in the pistol smoke, fool
I'm the kinda G the little homies wanna be like
On my knees in the night sayin' prayers in the streetlight

They've been spendin' most their lives livin' in the gangsta's paradise
They've been spendin' most their lives livin' in the gangsta's paradise
We keep spendin' most our lives livin' in the gangsta's paradise
We keep spendin' most our lives livin' in the gangsta's paradise

Look at the situation they got me facin'
I can't live a normal life, I was raised by the street
So I gotta be down with the hood team
Too much television watchin' got me chasin' dreams
I'm a educated fool with money on my mind
Got my ten in my hand and a gleam in my eye
I'm a loc'd out gangsta, set trippin' banger
And my homies is down, so don't arouse my anger, fool
Death ain't nothin' but a heartbeat away
I'm livin' life do-or-die, what can I say?
I'm twenty-three now, but will I live to see twenty-four?
The way things is goin', I don't know

Tell me, why are we so blind to see
That the ones we hurt are you and me?

They've been spendin' most their lives livin' in the gangsta's paradise
They've been spendin' most their lives livin' in the gangsta's paradise
We keep spendin' most our lives livin' in the gangsta's paradise
We keep spendin' most our lives livin' in the gangsta's paradise

Power and the money, money and the power
Minute after minute, hour after hour
Everybody's runnin', but half of them ain't lookin'
It's goin' on in the kitchen, but I don't know what's cookin'
They say I got to learn, but nobody's here to teach me
If they can't understand it, how can they reach me?
I guess they can't, I guess they won't, I guess they front
That's why I know my life is out of luck, fool

They've been spendin' most their lives livin' in the gangsta's paradise
They've been spendin' most their lives livin' in the gangsta's paradise
We keep spendin' most our lives livin' in the gangsta's paradise
We keep spendin' most our lives livin' in the gangsta's paradise

Tell me, why are we so blind to see
That the ones we hurt are you and me?
Tell me, why are we so blind to see
That the ones we hurt are you and me?"
Macarena,Los Del Rio,1996,1990s,"37 ContributorsTranslationsEnglishDeutschMacarena Lyrics

Dale a tu cuerpo alegría, Macarena
Que tu cuerpo es pa' darle alegría y cosa buena
Dale a tu cuerpo alegría, Macarena
Eh, Macarena (¡Ay!)
Dale a tu cuerpo alegría, Macarena
Que tu cuerpo es pa' darle alegría y cosa buena
Dale a tu cuerpo alegría, Macarena
Eh, Macarena (¡Ay!)

Macarena tiene un novio que se llama
Que se llama de apellido Vitorino
Y en la jura de bandera el muchacho
Se la vio con dos amigos
Macarena tiene un novio que se llama
Que se llama de apellido Vitorino
Y en la jura de bandera el muchacho
Se la vio con dos amigos

Dale a tu cuerpo alegría, Macarena
Que tu cuerpo es pa' darle alegría y cosa buena
Dale a tu cuerpo alegría, Macarena
Eh, Macarena (¡Ay!)
Dale a tu cuerpo alegría, Macarena
Que tu cuerpo es pa' darle alegría y cosa buena
Dale a tu cuerpo alegría, Macarena
Eh, Macarena (¡Ay!)

Macarena, Macarena, Macarena
Que tributo a los veranos de Marbella
Macarena, Macarena, Macarena
Que te gusta la movida guerrillera (¡Ay!)

(¡Ay!)

Dale a tu cuerpo alegría, Macarena
Que tu cuerpo es pa' darle alegría y cosa buena
Dale a tu cuerpo alegría, Macarena
Eh, Macarena (¡Ay!)
Dale a tu cuerpo alegría, Macarena
Que tu cuerpo es pa' darle alegría y cosa buena
Dale a tu cuerpo alegría, Macarena
Eh, Macarena (¡Ay!)

Macarena sueña con El Corte Inglés
Y se compra los modelos más modernos
Le gustaría vivir en Nueva York
Y ligar un novio nuevo (¡Ay!)
Macarena sueña con El Corte Inglés
Y se compra los modelos más modernos
Le gustaría vivir en Nueva York
Y ligar un novio nuevo (¡Ay!)

Dale a tu cuerpo alegría, Macarena
Que tu cuerpo es pa' darle alegría y cosa buena
Dale a tu cuerpo alegría, Macarena
Eh, Macarena (¡Ay!)
Dale a tu cuerpo alegría, Macarena
Que tu cuerpo es pa' darle alegría y cosa buena
Dale a tu cuerpo alegría, Macarena
Eh, Macarena (¡Ay!)

Macarena tiene un novio que se llama
Que se llama de apellido Vitorino
Y en la jura de bandera el muchacho
Se la vio con dos amigos
Macarena tiene un novio que se llama
Que se llama de apellido Vitorino
Y en la jura de bandera el muchacho
Se la vio con dos amigos

Dale a tu cuerpo alegría, Macarena
Que tu cuerpo es pa' darle alegría y cosa buena
Dale a tu cuerpo alegría, Macarena
Eh, Macarena (¡Ay!)
Dale a tu cuerpo alegría, Macarena
Que tu cuerpo es pa' darle alegría y cosa buena
Dale a tu cuerpo alegría, Macarena
Eh, Macarena (¡Ay!)"
Wonderwall,Oasis,1995,1990s,"164 ContributorsTranslationsفارسیTürkçeItalianoDeutschPortuguêsPolskiРусский (Russian)EspañolWonderwall Lyrics“Wonderwall” was released as the third single off of Oasis' classic album (What’s The Story) Morning Glory?. It was supposedly written for Noel Gallagher’s then-girlfriend, Meg Matthews, as he told NME in… Read More 
Today is gonna be the day
That they're gonna throw it back to you
By now, you should've somehow
Realised what you gotta do
I don't believe that anybody
Feels the way I do about you now

Backbeat, the word is on the street
That the fire in your heart is out
I'm sure you've heard it all before
But you never really had a doubt
I don't believe that anybody
Feels the way I do about you now

And all the roads we have to walk are winding
And all the lights that lead us there are blinding
There are many things that I would like to say to you
But I don't know how

Because maybe
You're gonna be the one that saves me
And after all
You're my wonderwall

Today was gonna be the day
But they'll never throw it back to you
By now, you should've somehow
Realised what you're not to do
I don't believe that anybody
Feels the way I do about you now

And all the roads that lead you there were winding
And all the lights that light the way are blinding
There are many things that I would like to say to you
But I don't know how

I said maybe
You're gonna be the one that saves me
And after all
You're my wonderwall
I said maybe (I said maybe)
You're gonna be the one that saves me
And after all
You're my wonderwall

I said maybe (I said maybe)
You're gonna be the one that saves me (That saves me)
You're gonna be the one that saves me (That saves me)
You're gonna be the one that saves me (That saves me)"
Return Of The Mack,Mark Morrison,1996,1990s,"80 ContributorsReturn of the Mack Lyrics“Return of the Mack” is a 1996 R&B track from British musician Mark Morrison. It was the lead single from his album with the same name.

While highly successful in its own right, “Return of the Mack” has also… Read More 
Oh-oh-oh-oh
Come on
Oh yeah

Well, I tried to tell you so (Yes, I did)
But I guess you didn't know
As the saddest story goes
Baby, now I got the flow
'Cause I knew it from the start
Baby, when you broke my heart
That I had to come again
And show you that I'd win

(You lied to me) All those times I said that I loved you
(You lied to me) Yes, I tried, yes I tried
(You lied to me) Even though you knew I'd die for you
(You lied to me) Yes, I cried, yes I cried

Return of the Mack (There it is)
Return of the Mack (Come on)
Return of the Mack (Oh my God)
You know that I'll be back (Here I am)
Return of the Mack (Once again)
Return of the Mack (Top of the world)
Return of the Mack (Watch my flow)
You know that I'll be back (Here I go)

So, I'm back up in the game (Hustling slow)
Running things to keep my swing (All night long)
Letting all the people know
That I'm back to run the show
'Cause what you did you know was wrong
And all the nasty things you've done (Oh-oh-oh-oh)
So, baby, listen carefully
While I sing my comeback song

(You lied to me) 'Cause she said she'd never turn on me
(You lied to me) But you did, but you did
(You lied to me) All this pain you said I'd never feel
(You lied to me) But I do, but I do, do, do

Return of the Mack (There it is)
Return of the Mack (Hold on)
Return of the Mack (Don't you know?)
You know that I'll be back (Here I go)
Return of the Mack (Oh, little girl)
Return of the Mack (Once my pearl)
Return of the Mack (Up and down)
You know that I'll be back (Round and round)

Ah, Mark, stop lying about your big break
For—

(You lied to me) 'Cause she said she'd never turn on me
(You lied to me) But you did, but you did
(You lied to me) All this pain you said I'd never feel
(You lied to me) But I do, but I do, do, do

Return of the Mack (Here it is)
Return of the Mack (Come on)
Return of the Mack (Oh, my God)
You know that I'll be back (Here I am)
Return of the Mack (Once again)
Return of the Mack (Top of the world)
Return of the Mack (Watch my flow)
You know that I'll be back (Don't you know?)
Return of the Mack (Here it is)
Return of the Mack (Hold on)
Return of the Mack (Be strong)
You know that I'll be back (Here I go)
Return of the Mack (My little baby)
Return of the Mack (Watch, my babe)
Return of the Mack (Up and down)
You know that I'll be back (Round and round)"
Semi-Charmed Life,Third Eye Blind,1997,1990s,"127 ContributorsSemi-Charmed Life LyricsBehind the catchy, upbeat “Semi-Charmed” melody that entranced many a tween when it was released in 1997 is a dark tale of a relationship’s descent into crystal meth addiction.

The song was released as the… Read More 
Doo-doo-doo, doo-doo-doo-doo
Doo-doo-doo, doo-doo-doo-doo
Doo-doo-doo, doo-doo-doo-doo
Doo-doo-doo

I'm packed and I'm holdin'
I'm smilin', she livin', she golden
She lives for me, says she lives for me, ovation
Her own motivation
She comes 'round and she goes down on me
And I'll make you smile like a drug for you
Do ever what you want to do, comin' over you
Keep on smilin' what we go through
One stop to the rhythm that divides you

And I speak to you like the chorus to the verse
Chop another line like a coda with a curse
Come on like a freak show takes the stage
We give 'em the games she play, she say

I want somethin' else
To get me through this
Semi-charmed kind of life, baby, baby
I want somethin' else
I'm not listenin' when you say
Goodbye

Doo-doo-doo, doo-doo-doo-doo
Doo-doo-doo, doo-doo-doo-doo
Doo-doo-doo, doo-doo-doo-doo
Doo-doo-doo

The sky was gold, it was rose
I was takin' sips up into my nose
And I wish I could get back there, some place back there
Smilin' in the pictures you would take
Doin' crystal meth will lift you up until you break
It won't stop, I won't come down, I keep stock
With a tick-tock rhythm, a bump for the drop
And then I bumped up, I took the hit that I was given
Then I bumped again, then I bumped again, I said

How do I get back there to
The place where I fell asleep inside you?
How do I get myself back to
The place where you said

I want somethin' else
To get me through this
Semi-charmed kind of life, baby, baby
I want somethin' else
I'm not listenin' when you say
Goodbye

I believe in the sand beneath my toes
The beach gives a feelin', an earthy feelin'
I believe in the faith that grows
And the four right chords can make me cry
When I'm with you, I feel like I could die
And that would be alright, alright

And when the plane came in, she said she was crashin'
The velvet, it rips in the city
We tripped on the urge to feel alive
But now, I'm strugglin' to survive
Those days you were wearin' that velvet dress
You're the priestess, I must confess
Those little red panties, they pass the test
Slides up around the belly, face down on the mattress
One, and you hold me
And we are broken
Still, it's all that I want to do, just a little now
Feel myself, head made of the ground
I'm scared, I'm not comin' down
No, no
And I won't run for my life
She's got her jaws now locked down in a smile
But nothing is alright, alright

And I want somethin' else
To get me through this life, baby
I want somethin' else
Not listenin' when you say
Goodbye
Goodbye
Goodbye
Goodbye

Doo-doo-doo, doo-doo-doo-doo
Doo-doo-doo, doo-doo-doo-doo
Doo-doo-doo, doo-doo-doo-doo

The sky was gold, it was rose (Doo-doo-doo, doo-doo-doo-doo)
I was takin' sips up into my nose (Doo-doo-doo, doo-doo-doo-doo)
And I wish I could get back there, some place back there (Doo-doo-doo, doo-doo-doo-doo)
In the place we used to start
Doo-doo-doo, doo-doo-doo-doo
Doo-doo-doo, doo-doo-doo-doo
Doo-doo-doo, doo-doo-doo-doo (I want somethin' else)"
Smooth,Santana,1999,1990s,"71 ContributorsTranslationsDeutschSmooth Lyrics“Smooth” is a collaboration between Matchbox Twenty frontman Rob Thomas and Latin rock band Santana. Written by Thomas, and Itaal Shur, “Smooth” won three Grammys for “Song of the Year”, “Record of the Year”,… Read More 
Man, it's a hot one
Like seven inches from the midday sun
Well, I hear you whisper, and the words melt everyone
But you stay so cool
My muñequita
My Spanish Harlem Mona Lisa
You're my reason for reason
The step in my groove, yeah

And if you say this life ain't good enough
I would give my world to lift you up
I could change my life to better suit your mood
'Cause you're so smooth

And it's just like the ocean under the moon
Well, it's the same as the emotion that I get from you
You got the kind of lovin' that can be so smooth, yeah
Gimme your heart, make it real, or else forget about it

Well, I'll tell you one thing
If you would leave, it'd be a crying shame
In every breath and every word
I hear your name callin' me out
Out from the barrio
You hear my rhythm on your radio
You feel the turnin' of the world so soft and slow
Turnin' you 'round and 'round

And if you say this life ain't good enough
I would give my world to lift you up
I could change my life to better suit your mood
'Cause you're so smooth

And it's just like the ocean under the moon
It's the same as the emotion that I get from you
You got the kind of lovin' that can be so smooth, yeah
Gimme your heart, make it real, or else forget about it
(Yeah)

And it's just like the ocean under the moon
And it's the same as the emotion that I get from you
You got the kind of lovin' that can be so smooth, yeah
Gimme your heart, make it real, or else forget about it, damn

Or else forget about it
Oh, or else forget about it
Oh, let's don't forget about it
(Gimme your heart, make it real) Or else forget about it, hey
Let's don't forget about it, no, oh, no
Oh, let's don't forget about it, no, no, no
Oh, let's don't forget about it, hey, no, no
Oh, let's don't forget about it, hey, hey, hey"
Crazy In Love,Beyonce,2003,2000s,"133 ContributorsTranslationsPolskisrpskiCrazy in Love Lyrics“Crazy In Love” is the ridiculously successful lead single from Beyoncé’s first solo album Dangerously In Love.

Penned by Beyoncé and Rich Harrison, the song revolves around falling in love and doing things… Read More 
Yes (Woo, ow)
So crazy right now
Most incredibly
It's your girl, B (Yes, woo)
It's your boy, Young
You ready?

Uh-oh, uh-oh, uh-oh, oh no, no (Ow)
Uh-oh, uh-oh, uh-oh, oh no, no
Uh-oh, uh-oh, uh-oh, oh no, no
Uh-oh, uh-oh, uh-oh, oh no, no

Ch-yeah
History in the making
Part two
It's so crazy right now

I look and stare so deep in your eyes
I touch on you more and more every time
When you leave, I'm beggin' you not to go
Call your name two, three times in a row
Such a funny thing for me to try to explain
How I'm feelin', and my pride is the one to blame (Yeah, yeah)
'Cause I know I don't understand
Just how your love can do what no one else can

Got me looking so crazy right now
Your love's got me looking so crazy right now (Your love)
Got me looking so crazy right now
Your touch got me looking so crazy right now (Your touch)
Got me hoping you'll page me right now
Your kiss got me hoping you'll save me right now
Looking so crazy, your love's got me looking
Got me looking so crazy in love

Uh-oh, uh-oh, uh-oh, oh no, no
Uh-oh, uh-oh, uh-oh, oh no, no
Uh-oh, uh-oh, uh-oh, oh no, no
Uh-oh, uh-oh, uh-oh, oh no, no

When I talk to my friends so quietly
(""Who he think he is?"") Look at what you did to me
Tennis shoes, don't even need to buy a new dress
If you ain't there, ain't nobody else to impress
It's the way that you know what I thought I knew
It's the beat that my heart skips when I'm with you
But I still don't understand
Just how your love can do what no one else can

Got me looking so crazy right now
Your love's got me looking so crazy right now (So crazy, your love)
Got me looking so crazy right now (Your love)
Your touch got me looking so crazy right now (Oh, your touch)
Got me hoping you'll page me right now (Yeah)
Your kiss got me hoping you'll save me right now (Hey)
Looking so crazy, your love's got me looking (Ch-yeah)
Got me looking so crazy in love (Ch-yeah)
I'm looking so crazy, your love's got me looking (Woo)
Got me looking so crazy in love (I'm warmed up now, let's go)

Young Hov, y'all know when the flow is loco (No, no)
Young B and the R-O-C, uh-oh (Oh, no)
O.G. Big Homie, the one and only (No, no)
Stick bony, but the pockets is fat like Tony Soprano (No, no, no)
The ROC handle like Van Exel
I shake phonies, man, you can't get next to
The genuine article, I do not sing, though
I sling, though, if anything, I bling, yo
A star like Ringo, war like a Green Beret (Oh)
You crazy? Bring your whole set (Oh)
JAY-Z in the Range, crazy and deranged
They can't figure him out, they like, ""Hey, is he insane?""
Yes, sir, I'm cut from a different cloth
My texture is the best fur, chinchilla
I've been iller than chain smokers
(Uh-oh, uh-oh, uh-oh, oh no, no)
How you think I got the name Hova?
(Uh-oh, uh-oh, uh-oh, oh no, no)
I been realer, the game's over
Fall back, Young
(Uh-oh, uh-oh, uh-oh, oh no, no)
Ever since I made the change over to platinum
(Uh-oh, uh-oh, uh-oh, oh no, no)
The game's been a wrap, one

Got me looking so crazy, my baby
I'm not myself lately, I'm foolish, I don't do this
I've been playing myself, baby, I don't care
'Cause your love's got the best of me
And, baby, you're making a fool of me
You got me sprung and I don't care who sees
'Cause baby, you got me, you got me
You got me so crazy, baby (Hey)

Got me looking so crazy right now (Your love)
Your love's got me looking so crazy right now (Looking crazy)
Got me looking so crazy right now
Your touch got me looking so crazy right now (Baby, your touch)
Got me hoping you'll page me right now (Yeah, babe)
Your kiss got me hoping you'll save me right now (Oh)
Looking so crazy, your love's got me looking (Yeah)
Got me looking so crazy in love (Woah)
Got me looking so crazy right now
Your love's got me looking so crazy right now (Your love)
Got me looking so crazy right now
Your touch got me looking so crazy right now (Your touch)
Got me hoping you'll page me right now
Your kiss got me hoping you'll save me right now
Looking so crazy, your love's got me looking
Got me looking so crazy in love"
In Da Club,50 Cent,2003,2000s,"273 ContributorsTranslationsTürkçePortuguêsItalianoEnglishEspañolDeutschРусский (Russian)In da Club Lyrics“In da Club” was the first of seven tracks 50 Cent recorded with Dr. Dre in only five days. Originally planned as a D12 song for the 8 Mile soundtrack, producer Dr Dre played the instrumental for 50 who… Read More 

Go, go
Go, go, go, go
Go, shawty, it's your birthday
We gon' party like it's your birthday
We gon' sip Bacardí like it's your birthday
And you know we don't give a fuck it's not your birthday

You can find me in the club, bottle full of bub'
Look, mami, I got the X if you into takin' drugs
I'm into havin' sex, I ain't into makin' love
So come give me a hug if you into gettin' rubbed
You can find me in the club, bottle full of bub'
Look, mami, I got the X if you into takin' drugs
I'm into havin' sex, I ain't into makin' love
So come give me a hug if you into gettin' rubbed

When I pull up out front, you see the Benz on dubs (Uh-huh)
When I roll twenty deep, it's twenty nines in the club (Yeah)
Niggas heard I fuck with Dre, now they wanna show me love
When you sell like Eminem, then the hoes, they wanna fuck (Woo)
Look homie, ain't nothin' changed, hoes down, G's up
I see Xzibit in the cut, hey, nigga, roll that weed up (Roll that)
If you watch how I move, you'll mistake me for a player or pimp
Been hit with a few shells, but I don't walk with a limp (I'm aight)
In the hood in L.A., they sayin', ""50, you hot"" (Uh-huh)
They like me, I want 'em to love me like they love Pac
But holla in New York, the niggas'll tell you I'm loco (Yeah)
And the plan is to put the rap game in a chokehold (Uh-huh)
I'm fully focused, man, my money on my mind
Got a mil' out the deal and I'm still on the grind (Woo)
Now shawty said she feelin' my style, she feelin' my flow (Uh-huh)
Her girlfriend with her, they bi and they ready to go (Okay)

You can find me in the club, bottle full of bub'
Look, mami, I got the X if you into takin' drugs
I'm into havin' sex, I ain't into makin' love
So come give me a hug if you into gettin' rubbed
You can find me in the club, bottle full of bub'
Look, mami, I got the X if you into takin' drugs
I'm into havin' sex, I ain't into makin' love
So come give me a hug if you into gettin' rubbed (Rubbed)

My flow, my show brought me the dough
That bought me all my fancy things
My crib, my cars, my clothes, my jewels
Look, nigga, I done came up and I ain't changed (What? What? Yeah)

And you should love it way more than you hate it
Nigga, you mad? I thought that you'd be happy I made it (Woo)
I'm that cat by the bar toastin' to the good life
You that faggot-ass nigga tryna pull me back, right?
When my joint get to bumpin' in the club, it's on
I wink my eye at your bitch, if she smiles, she gone
If the roof on fire, let the motherfucker burn
If you talkin' about money, homie, I ain't concerned
I'ma tell you what Banks told me, ""Cuz, go 'head, switch the style up
If niggas hate, then let 'em hate, and watch the money pile up""
Or we can go upside your head with a bottle of bub'
They know where we fuckin' be

You can find me in the club, bottle full of bub'
Look, mami, I got the X if you into takin' drugs
I'm into havin' sex, I ain't into makin' love
So come give me a hug if you into gettin' rubbed
You can find me in the club, bottle full of bub'
Look, mami, I got the X if you into takin' drugs
I'm into havin' sex, I ain't into makin' love
So come give me a hug if you into gettin' rubbed (Hahahaha)

Don't try to act like you don't know where we be neither, nigga
We in the club all the time, nigga, so pop, pop off, nigga
G-Unit"
Hey Ya,Outkast,2003,2000s,"235 ContributorsTranslationsEspañolFrançaisDeutschPortuguêsHey Ya! Lyrics“Hey Ya!” is the first single from André 3000’s half of OutKast’s Speakerboxxx/The Love Below double album. André said the following about the concept of this genre-bending song:

‘Hey Ya!’ is pretty much… Read More 
One, two, three, uh

My baby don't mess around
Because she loves me so, and this I know for sure (Uh)
But does she really wanna
But can't stand to see me walk out the door? (Ah)
Don't try to fight the feeling
'Cause the thought alone is killing me right now (Uh)
Thank God for Mom and Dad
For sticking two together 'cause we don't know how (Come on)

Hey ya! Hey ya!
Hey ya! Hey ya!
Hey ya! Hey ya!
Hey ya! Hey ya!

You think you've got it, oh, you think you've got it
But ""got it"" just don't get it 'til there's nothing at all (Ah!)
We get together, oh, we get together
But separate's always better when there's feelings involved (Ah)
If what they say is, ""Nothing is forever""
Then what makes, then what makes, then what makes
Then what makes, what makes, what makes love the exception?
So why oh, why oh, why oh, why oh, why oh
Are we so in denial when we know we're not happy here?
Y'all don't wanna hear me, you just wanna dance

Hey ya! (Uh-oh) Hey ya! (Uh-oh)
Don't want to meet your daddy
Hey ya! (Uh-oh)
Just want you in my Caddy (Uh-oh)
Hey ya! (Uh-oh)
Don't want to meet your mama
Hey ya! (Uh-oh)
Just want to make you cum-a' (Uh-oh)
Hey ya!
I'm (Uh-oh), I'm (Uh-oh)
Hey ya!
I'm just being honest (Uh-oh)
I'm just being honest
Hey ya!

Hey, all right now, all right now, fellas (Yeah?)
Now, what's cooler than being cool? (Ice Cold!)
I can't hear ya
I say what's, what's cooler than being cool? (Ice Cold!) (Woo!)
All right, all right, all right, all right, all right, all right, all right, all right
All right, all right, all right, all right, all right, all right
Okay now, ladies (Yeah?)
Now, we gon' break this thing down in just a few seconds
Now, don't have me break this thing down for nothing
Now, I want to see y'all on your baddest behavior
Lend me some sugar, I am your neighbor
Ah, here we go!

Shake it, sh-shake it, shake it, sh-shake it (Uh-oh)
Shake it, sh-shake it, shake it, shake it, sh-shake it (Uh-oh)
Shake it like a Polaroid picture, hey ya!
Shake it, sh-shake it, shake it, sh-shake it
Shake it, shake it (Okay), shake it, sugar
Shake it like a Polaroid picture

Now, all the Beyoncés and Lucy Lius
And baby dolls, get on the floor (Get on the floor)
You know what to do, oh, you know what to do
You know what to do

Hey ya! (Uh-oh) Hey ya! (Uh-oh)
Hey ya! (Uh-oh) Hey ya! (Uh-oh, hey ya!)
Hey ya! (Uh-oh) Hey ya! (Oh, oh, uh-oh)
Hey ya! (Uh-oh) Hey ya! (Uh-oh)
Hey ya! Hey ya!"
Since U Been Gone,Kelly Clarkson,2004,2000s,"57 ContributorsSince U Been Gone Lyrics“Since U Been Gone” was released as the second single from Kelly Clarkson’s second album, Breakaway.

To continue with the trend of twos, it’s also the second track on the tracklisting, and peaked at number… Read More 
Here's the thing, we started out friends
It was cool, but it was all pretend
Yeah, yeah
Since you been gone

You're dedicated, you took the time
Wasn't long 'til I called you mine
Yeah, yeah
Since you been gone

And all you'd ever hear me say
Is how I picture me with you (You, you)
That's all you'd ever hear me say

But since you been gone
I can breathe for the first time
I'm so movin' on, yeah, yeah
Thanks to you
Now I get what I want
Since you been gone

How can I put it? You put me on
I even fell for that stupid love song
Yeah, yeah
Since you been gone

How come I'd never hear you say, ""I just wanna be with you""? (You, you)
Guess you never felt that way

But since you been gone
I can breathe for the first time
I'm so movin' on, yeah, yeah
Thanks to you
Now I get, I get what I want
Since you been gone

You had your chance, you blew it
Out of sight, out of mind
Shut your mouth, I just can't take it
Again and again and again and again

Since you been gone (Since you been gone)
I can breathe for the first time
I'm so movin' on, yeah, yeah
Thanks to you (Thanks to you)
Now I get, I get what I want (Gone)
I can breathe for the first time
I'm so movin' on, yeah, yeah
Thanks to you (Thanks to you)
Now I get (I get)
You should know (You should know)
That I get, I get what I want

Since you been gone
Since you been gone
Since you been gone"
Toxic,Britney Spears,2004,2000s,"147 ContributorsTranslationssrpskiPortuguêsEspañolTürkçeDeutschToxic Lyrics“Toxic” is a dance-pop anthem that depicts a dangerously addictive love. It serves as the second single for Britney Spears' fourth album, In The Zone. To this day, it remains Spears' biggest hit. 

Cathy… Read More 
Baby, can't you see I'm callin'?
A guy like you should wear a warnin'
It's dangerous, I'm fallin'
There's no escape, I can't wait
I need a hit, baby, give me it
You're dangerous, I'm lovin' it

Too high, can't come down
Losing my head, spinnin' 'round and 'round
Do you feel me now?

With a taste of your lips, I'm on a ride
You're toxic, I'm slippin' under
With a taste of a poison paradise
I'm addicted to you
Don't you know that you're toxic?
And I love what you do
Don't you know that you're toxic?

It's gettin' late to give you up
I took a sip from my devil's cup
Slowly, it's takin' over me

Too high, can't come down
It's in the air and it's all around
Can you feel me now?

With a taste of your lips, I'm on a ride
You're toxic, I'm slippin' under
With a taste of a poison paradise
I'm addicted to you
Don't you know that you're toxic?
And I love what you do
Don't you know that you're toxic?
Don't you know that you're toxic?

Taste of your lips, I'm on a ride
You're toxic, I'm slippin' under
With a taste of a poison paradise
I'm addicted to you
Don't you know that you're toxic?
With a taste of your lips, I'm on a ride
You're toxic, I'm slippin' under (Toxic)
With a taste of a poison paradise
I'm addicted to you
Don't you know that you're toxic?

Intoxicate me now with your lovin' now
I think I'm ready now (I think I'm ready now)
Intoxicate me now with your lovin' now
I think I'm ready now"
Yeah,Usher,2004,2000s,"138 ContributorsTranslationsDeutschsrpskiYeah! Lyrics“Yeah!” was released as the lead single to Usher’s fourth album Confessions. He connected with fellow Atlanta representatives Ludacris and Lil Jon for this crunk R&B jam with a synthesized beat that is a… Read More 
Peace up, A-Town down
Yeah (Yeah)
Okay (Okay)
Usher, Usher
And Lil Jon
Yeah-yeah-yeah, yeah, yeah, yeah
Yeah-yeah-yeah, yeah, yeah, yeah (What it do, shawty?)
Let's go

Up in the club with my homies
Tryna get a little V-I, keep it down on the low-key (Low-key)
'Cause you know how it is (Hey, hey)
I saw this shorty, she was checkin' up on me
From the game she was spittin' in my ear, you would think that she know me (Know me)
I decided to chill (Okay)
Conversation got heavy (Hey)
She had me feelin' like she's ready to blow
Watch out! (Oh)
Watch out!
She was sayin', ""Come get me"" (Come get me)
So I got up and followed her to the floor
She said, ""Baby, let's go"" (Let's go)
When I told her, I said

Yeah, yeah
Shawty got down low, she said, ""Come and get me""
Yeah, yeah
I got so caught up, I forgot she told me
Yeah, yeah
Her and my girl used to be the best of homies
Yeah, yeah
Next thing I knew, she was all up on me screamin'
Yeah, yeah, yeah, yeah, yeah, yeah
Yeah, yeah, yeah, yeah, yeah, yeah

So she's all up in my head now
Got me thinkin' that it might be a good idea to take her with me (With me)
'Cause she's ready to leave (Ready to leave now; oh, let's go)
Now I gotta keep it real now (Yeah)
'Cause on a one-to-ten, she's a certified twenty
But that just ain't me (Hey)
'Cause I don't know if I take that chance
Just where's it gonna lead
But what I do know is the way she dance
Make shorty alright with me (Hey, hey, hey)
The way she get low
I'm like, ""Yeah, just work that out for me""
She asked for one more dance
And I'm like, ""Yeah, how the hell am I supposed to leave?"" And I said (Let's go, bring the beat back)

Yeah, yeah
Shawty got down low, she said, ""Come and get me""
Yeah, yeah
I got so caught up, I forgot she told me
Yeah, yeah
Her and my girl used to be the best of homies
Yeah, yeah
Next thing I knew, she was all up on me screamin'
Yeah, yeah, yeah, yeah, yeah, yeah
Yeah, yeah, yeah, yeah, yeah, yeah (Hey, hey, Luda)

Watch out, my outfit's ridiculous
In the club, lookin' so conspicuous
And raow, these women all on the prowl
If you hold the head steady, I'ma milk the cow (Yeah)
And forget about game, I'ma spit the truth (What)
I won't stop 'til I get 'em in they birthday suit (Yeah)
So gimme the rhythm and it'll be off with they clothes
Then bend over to the front and touch your toes
I left the Jag' and I took the Rolls
If they ain't cuttin', then I put 'em on foot patrol (Let's go, ow)
How you like me now
When my pinky's valued over three hundred thousand?
Let's drink, you the one to please (Yeah)
Ludacris fill cups like double Ds (Yeah)
Me and Ursh once more and we leaves 'em dead
We want a lady in the street, but a freak in the bed, that say

Yeah, yeah
Shawty got down low, she said, ""Come and get me""
Yeah, yeah
I got so caught up, I forgot she told me
Yeah, yeah
Her and my girl used to be the best of homies
Yeah, yeah
Next thing I knew, she was all up on me screamin'
Yeah, yeah, yeah, yeah, yeah, yeah
Yeah, yeah, yeah, yeah, yeah, yeah

Take that and rewind it back
Lil Jon got the beat that make ya booty go
Take that, rewind it back
Usher got the voice make ya booty go
Take that, rewind it back
Ludacris got the flow that make ya booty go
Take that, rewind it back
Lil Jon got the beat that make ya booty go"
Umbrella,Rihanna,2007,2000s,"154 ContributorsTranslationsPortuguêsEspañolUmbrella LyricsRihanna comforts her lover by telling him she will be there for him, in good times and bad. The umbrella is a metaphor for her support.

“Umbrella” stayed on top of the UK Singles Chart for 10 consecutive… Read More 
Uh-huh, uh-huh (Yeah, Rihanna)
Uh-huh, uh-huh (Good Girl Gone Bad)
Uh-huh, uh-huh (Take three, action)
Uh-huh, uh-huh (Hov)

No clouds in my stones, let it rain, I hydroplane in the bank
Comin' down with the Dow Jones (Ayy, ayy, ayy)
When the clouds come, we go, we Roc-A-Fella (Ayy-ayy-ayy, ayy)
We fly higher than weather, in G5's or better
You know me (You know me), in anticipation for precipitation
Stack chips for the rainy day
Jay, Rain Man is back (Ayy, ayy, ayy)
With Little Miss Sunshine, Rihanna, where you at? (Ayy-ayy-ayy, ayy)

You have my heart
And we'll never be worlds apart
May be in magazines
But you'll still be my star
Baby, 'cause in the dark
You can't see shiny cars
And that's when you need me there
With you, I'll always share because

When the sun shine, we shine together
Told you I'll be here forever
Said ""I'll always be your friend""
Took an oath, I'ma stick it out 'til the end
Now that it's rainin' more than ever
Know that we'll still have each other
You can stand under my umbrella
You can stand under my umbrella

Ella-ella, ayy, ayy, ayy
Under my umbrella
Ella-ella, ayy, ayy, ayy
Under my umbrella
Ella-ella, ayy, ayy, ayy
Under my umbrella
Ella-ella, ayy, ayy, ayy
Ayy, ayy, ayy

These fancy things
Will never come in between
You're part of my entity
Here for infinity
When the war has took its part
When the world has dealt its cards
If the hand is hard
Together, we'll mend your heart because

When the sun shine, we shine together
Told you I'll be here forever
Said ""I'll always be your friend""
Took an oath, I'ma stick it out 'til the end
Now that it's rainin' more than ever
Know that we'll still have each other
You can stand under my umbrella
You can stand under my umbrella

Ella-ella, ayy, ayy, ayy
Under my umbrella
Ella-ella, ayy, ayy, ayy
Under my umbrella
Ella-ella, ayy, ayy, ayy
Under my umbrella
Ella-ella, ayy, ayy, ayy
Ayy, ayy, ayy

You can run into my arms
It's okay, don't be alarmed
Come into me
There's no distance in between our love
So, gonna let the rain pour
I'll be all you need and more
Because

When the sun shine, we shine together
Told you I'll be here forever
Said ""I'll always be your friend""
Took an oath, I'ma stick it out 'til the end
Now that it's rainin' more than ever
Know that we'll still have each other
You can stand under my umbrella
You can stand under my umbrella

Ella-ella, ayy, ayy, ayy
Under my umbrella
Ella-ella, ayy, ayy, ayy
Under my umbrella
Ella-ella, ayy, ayy, ayy
Under my umbrella
Ella-ella, ayy, ayy, ayy
Ayy, ayy, ayy

It's rainin', rainin'
Ooh, baby, it's rainin', rainin'
Baby, come into me
Come into me
It's rainin', rainin'
Ooh, baby, it's rainin', rainin'
You can always come into me
Come into me
It's pourin' rain
It's pourin' rain
Come into me
Come into me
It's pourin' rain
It's pourin' rain
Come into me
Come into me"
Hips Don't Lie,Shakira,2006,2000s,"147 ContributorsTranslationsPortuguêsDeutschHips Don’t Lie Lyrics“Hips Don’t Lie” is a hit song off of Shakira’s Oral Fixation Vol. 2.

This song is based on “Dance Like This” by Wyclef Jean/Claudette Ortiz, and it samples the trumpets from Jerry Rivera’s “Amores Como El… Read More 
Ladies up in here tonight
No fightin' (We got the refugees up in here)
No fightin'
No fightin'
Shakira, Shakira

I never really knew that she could dance like this (Hey)
She make a man wanna speak Spanish
¿Cómo se llama? (¡Sí!), ¿bonita? (¡Sí!)
Mi casa (Shakira, Shakira), su casa
Oh, baby, when you talk like that (Huh-uh; yeah)
You make a woman go mad (Oh)
So be wise (¡Sí!), and keep on (¡Sí!)
Reading the signs of my body (Uno, dos, tres, cuatro)
No fightin'

I'm on tonight
You know my hips don't lie (No fighting)
And I'm starting to feel it's right
All the attraction, the tension
Don't you see, baby? This is perfection

Hey, girl, I can see your body moving
And it's driving me crazy (Huh-uh)
And I didn't have the slightest idea
Until I saw you dancin' (Yeah)
And when you walk up on the dance floor, nobody cannot ignore
The way you move your body, girl (Just smooth)
And everything's so unexpected, the way you right and left it
So you can keep on shakin' it (Let's go)

I never really knew that she could dance like this (Hey)
She make a man wanna speak Spanish
¿Cómo se llama? (¡Sí!), ¿bonita? (¡Sí!)
Mi casa (Shakira, Shakira), su casa
Oh, baby, when you talk like that (Huh-uh; oh)
You make a woman go mad (So bad; oh)
So be wise (¡Sí!), and keep on (¡Sí!)
Reading the signs of my body
No fightin'

I'm on tonight
You know my hips don't lie (No fightin')
And I'm starting to feel you, boy (Yeah)
Come on, let's go, real slow
Don't you see, baby? Así es perfecto
They know I'm on tonight (Yeah)
My hips don't lie and I'm starting to feel it's right
All the attraction, the tension
Don't you see, baby? This is perfection (Shakira, Shakira)

Oh, boy, I can see your body movin', half-animal, half-man
I don't, don't really know what I'm doin'
But you seem to have a plan (Yeah)
My will and self-restraint have come to fail now, fail now
See, I'm doing what I can, but I can't, so, you know
That's a bit too hard to explain (Uno, dos, tres, cuatro)

Baila en la calle de noche (Uh, yeah)
Baila en la calle de día (Let's go!)
Baila en la calle de noche (Uh, yeah)
Baila en la calle de día (Let's go!)

I never really knew that she could dance like this (Hey)
She make a man wanna speak Spanish (Yeah)
¿Cómo se llama? (¡Sí!), ¿bonita? (¡Sí!)
Mi casa (Shakira, Shakira), su casa
Oh, baby, when you talk like that (Huh-uh) (Oh)
You know you got me hypnotized (Oh)
So be wise (¡Sí! Uh), and keep on (¡Sí! Uh)
Readin' the signs of my body (Yeah)

Señorita, feel the conga
Let me see you move like you come from Colombia
Yeah, oh, yeah, ladies, ¡sí! (Yeah, yeah, hey, yeah)
Mira, en Barranquilla se baila así, say it! (Yeah)
En Barranquilla se baila así (Yeah)
Ayy (Prr), yeah

She's so sexy, every man's fantasy
A refugee like me back with the Fugees from a third world country (Huh-uh)
I go back like when 'Pac carried crates for Humpty Humpty
We leave the whole club jazzy
Why the CIA wanna watch us?
It's the Colombians and Haitians
I ain't guilty, it's a musical transaction
Bo-bop-so-bop, no more do we snatch ropes
Refugees run the seas, 'cause we own our own boats, boats (No fightin')

I'm on tonight
My hips don't lie, and I'm starting to feel you, boy
Come on, let's go, real slow
Baby, like this is perfecto (No fighting)
Oh, you know I'm on tonight
My hips don't lie, and I'm starting to feel it's right
The attraction, the tension
Baby, like this is perfection

No fightin'
No fightin'"
Poker Face,Lady Gaga,2008,2000s,"244 ContributorsTranslationsTürkçeEspañolPortuguêsNederlandsDeutschČeskysrpskiPolskiPoker Face LyricsAre the rules of sexual attraction akin to the rules of poker? Lady Gaga asserts “Poker Face” is about bisexuality. She described poker face as the expression she pulls when she’s having sex with a man, but… Read More 
Mum-mum-mum-mah
Mum-mum-mum-mah
Mum-mum-mum-mah
Mum-mum-mum-mah
Mum-mum-mum-mah

I wanna hold 'em like they do in Texas, please (Woo)
Fold 'em, let 'em hit me, raise it, baby, stay with me (I love it)
LoveGame intuition, play the cards with spades to start
And after he's been hooked, I'll play the one that's on his heart

Oh, woah-oh, oh, oh
Oh-oh-oh-oh-oh-oh
I'll get him hot, show him what I've got
Oh, woah-oh, oh, oh
Oh-oh-oh-oh-oh-oh
I'll get him hot, show him what I've got

Can't read my, can't read my
No, he can't read my poker face
(She's got me like nobody)
Can't read my, can't read my
No, he can't read my poker face
(She's got me like nobody)

P-p-p-poker face, f-f-fuck her face
(Mum-mum-mum-mah)
P-p-p-poker face, f-f-fuck her face
(Mum-mum-mum-mah)

I wanna roll with him, a hard pair we will be (Woo)
A little gamblin' is fun when you're with me (I love it, woo)
Russian roulette is not the same without a gun
And baby, when it's love, if it's not rough, it isn't fun, fun

Oh, woah-oh, oh, oh
Oh-oh-oh-oh-oh-oh
I'll get him hot, show him what I've got
Oh, woah-oh, oh, oh
Oh-oh-oh-oh-oh-oh
I'll get him hot, show him what I've got

Can't read my, can't read my
No, he can't read my poker face
(She's got me like nobody)
Can't read my, can't read my
No, he can't read my poker face
(She's got me like nobody)

P-p-p-poker face, f-f-fuck her face
(Mum-mum-mum-mah)
P-p-p-poker face, f-f-fuck her face
(Mum-mum-mum-mah)
(Mum-mum-mum-mah)
(Mum-mum-mum-mah)

I won't tell you that I love you
Kiss or hug you
'Cause I'm bluffin' with my muffin
I'm not lyin', I'm just stunnin' with my love-glue-gunnin'
Just like a chick in the casino
Take your bank before I pay you out
I promise this, promise this
Check this hand 'cause I'm marvelous

Can't read my, can't read my
No, he can't read my poker face
(She's got me like nobody)
Can't read my, can't read my
No, he can't read my poker face
(She's got me like nobody)
Can't read my, can't read my
No, he can't read my poker face
(She's got me like nobody)
Can't read my, can't read my
No, he can't read my poker face
(She's got me like nobody)
Can't read my, can't read my
No, he can't read my poker face
(She's got me like nobody)
Can't read my, can't read my
No, he can't read my poker face
(She's got me like nobody)

P-p-p-poker face, f-f-fuck her face
P-p-p-poker face, f-f-fuck her face
(She's got me like nobody)
P-p-p-poker face, f-f-fuck her face
(Mum-mum-mum-mah)
P-p-p-poker face, f-f-fuck her face
(Mum-mum-mum-mah)
P-p-p-poker face, f-f-fuck her face
(Mum-mum-mum-mah)
P-p-p-poker face, f-f-fuck her face
(Mum-mum-mum-mah)"
Single Ladies,Beyonce,2008,2000s,
Beautiful Day,U2,2000,2000s,"88 ContributorsTranslationsPortuguêsBeautiful Day LyricsThe lead single from the 2000 album All That You Can’t Leave Behind is about finding happiness in the dreariest of situations. It went straight to #1 on the UK charts, making it the group’s fourth UK #1 after… Read More 
The heart is a bloom, shoots up through the stony ground
There's no room, no space to rent in this town
You're out of luck, and the reason that you had to care
The traffic is stuck, and you're not moving anywhere
You thought you'd found a friend to take you out of this place
Someone you could lend a hand in return for grace

It's a beautiful day
Sky falls, you feel like
It's a beautiful day
Don't let it get away

You're on the road, but you've got no destination
You're in the mud, in the maze of her imagination
You love this town even if that doesn't ring true
You've been all over, and it's been all over you

It's a beautiful day
Don't let it get away
It's a beautiful day
Ooh-hoo-hoo

Touch me
Take me to that other place
Teach me
I know I'm not a hopeless case

See the world in green and blue
See China right in front of you
See the canyons broken by cloud
See the tuna fleets clearing the sea out
See the Bedouin fires at night
See the oil fields at first light
And see the bird with a leaf in her mouth
After the flood all the colours came out

It was a beautiful day
Don't let it get away
Beautiful day

Touch me
Take me to that other place
Reach me
I know I'm not a hopeless case

What you don't have you don't need it now
What you don't know you can feel it somehow
What you don't have you don't need it now
Don't need it now
Was a beautiful day"
Lose Yourself,Eminem,2002,2000s,"854 ContributorsTranslationsDeutschTürkçeFrançaisالعربيةSvenskaفارسیazərbaycanItalianoעברית (Hebrew)PolskiPortuguêsहिन्दी (Hindi)EspañolsrpskiУкраїнськаРусский (Russian)Lose Yourself Lyrics“Lose Yourself” is the theme song from Eminem’s semi-biographical 2002 movie 8 Mile. Eminem is narrating the life of the film’s protagonist, Jimmy, up until the third verse, where Jimmy and Eminem’s journey… Read More 
Look, if you had one shot or one opportunity
To seize everything you ever wanted in one moment
Would you capture it or just let it slip?
Yo

His palms are sweaty, knees weak, arms are heavy
There's vomit on his sweater already, mom's spaghetti
He's nervous, but on the surface, he looks calm and ready
To drop bombs, but he keeps on forgetting
What he wrote down, the whole crowd goes so loud
He opens his mouth, but the words won't come out
He's chokin', how? Everybody's jokin' now
The clock's run out, time's up, over, blaow
Snap back to reality, ope, there goes gravity
Ope, there goes Rabbit, he choked, he's so mad
But he won't give up that easy, no, he won't have it
He knows his whole back's to these ropes, it don't matter
He's dope, he knows that, but he's broke, he's so stagnant
He knows when he goes back to this mobile home, that's when it's
Back to the lab again, yo, this old rhapsody
Better go capture this moment and hope it don't pass him

You better lose yourself in the music
The moment, you own it, you better never let it go (Go)
You only get one shot, do not miss your chance to blow
This opportunity comes once in a lifetime, yo
You better lose yourself in the music
The moment, you own it, you better never let it go (Go)
You only get one shot, do not miss your chance to blow
This opportunity comes once in a lifetime, yo
You better

His soul's escaping through this hole that is gaping
This world is mine for the taking, make me king
As we move toward a new world order
A normal life is boring, but superstardom's
Close to post-mortem, it only grows harder
Homie grows hotter, he blows, it's all over
These hoes is all on him, coast-to-coast shows
He's known as the Globetrotter, lonely roads
God only knows he's grown farther from home, he's no father
He goes home and barely knows his own daughter
But hold your nose 'cause here goes the cold water
These hoes don't want him no mo', he's cold product
They moved on to the next schmoe who flows
He nose-dove and sold nada, and so the soap opera
Is told, it unfolds, I suppose it's old, partner
But the beat goes on, da-da-dom, da-dom, dah-dah-dah-dah

You better lose yourself in the music
The moment, you own it, you better never let it go (Go)
You only get one shot, do not miss your chance to blow
This opportunity comes once in a lifetime, yo
You better lose yourself in the music
The moment, you own it, you better never let it go (Go)
You only get one shot, do not miss your chance to blow
This opportunity comes once in a lifetime, yo
You better

No more games, I'ma change what you call rage
Tear this motherfuckin' roof off like two dogs caged
I was playin' in the beginning, the mood all changed
I've been chewed up and spit out and booed off stage
But I kept rhymin' and stepped right in the next cypher
Best believe somebody's payin' the Pied Piper
All the pain inside amplified by the
Fact that I can't get by with my nine-to-
Five and I can't provide the right type of life for my family
'Cause, man, these goddamn food stamps don't buy diapers
And there's no movie, there's no Mekhi Phifer, this is my life
And these times are so hard, and it's gettin' even harder
Tryna feed and water my seed, plus teeter-totter
Caught up between bein' a father and a prima donna
Baby-mama drama, screamin' on her, too much for me to wanna
Stay in one spot, another day of monotony's gotten me
To the point I'm like a snail, I've got
To formulate a plot or end up in jail or shot
Success is my only motherfuckin' option, failure's not
Mom, I love you, but this trailer's got
To go, I cannot grow old in Salem's Lot
So here I go, it's my shot, feet, fail me not
This may be the only opportunity that I got

You better lose yourself in the music
The moment, you own it, you better never let it go (Go)
You only get one shot, do not miss your chance to blow
This opportunity comes once in a lifetime, yo
You better lose yourself in the music
The moment, you own it, you better never let it go (Go)
You only get one shot, do not miss your chance to blow
This opportunity comes once in a lifetime, yo
You better

You can do anything you set your mind to, man"
Complicated,Avril Lavigne,2002,2000s,"114 ContributorsTranslationsPortuguêsDeutschEspañolComplicated Lyrics“Complicated” is the first single from Avril’s debut album Let Go, and by extension her entire music career. It’s about the problems that arise when you pretend to be something you’re not and you just need to… Read More 
Uh-huh, life's like this
Uh-huh, uh-huh
That's the way it is (Ooh, la-la-la-la-la)
'Cause life's like this
Uh-huh, uh-huh (Ooh, la-la-la-la-la)
That's the way it is

Chill out, whatcha yellin' for?
Lay back, it's all been done before
And if you could only let it be
You will see
I like you the way you are
When we're drivin' in your car
And you're talkin' to me
One-on-one, but you become

Somebody else 'round everyone else
You're watchin' your back like you can't relax
You're tryna be cool
You look like a fool to me, tell me

Why'd you have to go and make things so complicated?
I see the way you're
Actin' like you're somebody else, gets me frustrated
Life's like this, you
You fall, and you crawl, and you break
And you take what you get and you turn it into
Honesty, and promise me, I'm never gonna find you fake it
No, no, no

You come over unannounced
Dressed up like you're somethin' else
Where you are ain't where it's at
You see, you're makin' me
Laugh out when you strike your pose
Take off all your preppy clothes
You know, you're not foolin'
Anyone when you become

Somebody else 'round everyone else
You're watchin' your back like you can't relax
You're tryna be cool
You look like a fool to me, tell me

Why'd you have to go and make things so complicated?
I see the way you're
Actin' like you're somebody else, gets me frustrated
Life's like this, you
You fall, and you crawl, and you break
And you take what you get and you turn it into
Honesty, and promise me, I'm never gonna find you fake it
No, no, no (No)

No (No, no, no)
No (No, no, no)
No (No, no, no), no

Chill out, whatcha yellin' for?
Lay back, it's all been done before
And if you could only let it be
You will see

Somebody else 'round everyone else
You're watchin' your back like you can't relax
You're tryna be cool
You look like a fool to me, tell me

Why'd you have to go and make things so complicated?
I see the way you're
Actin' like you're somebody else, gets me frustrated
Life's like this, you
You fall, and you crawl, and you break
And you take what you get and you turn it into
Honesty, and promise me, I'm never gonna find you fake it
No, no
Why'd you have to go and make things so complicated? (Ayy-yay)
I see the way you're
Actin' like you're somebody else, gets me frustrated
Life's like this, you
You fall, and you crawl, and you break
And you take what you get and you turn it into
Honesty, and promise me, I'm never gonna find you fake it
No, no, no"
Mr. Brightside,The Killers,2004,2000s,"269 ContributorsTranslationsFrançaisDeutsch한국어 (Korean)ItalianoPortuguêsMr. Brightside LyricsThis was The Killers' first ever recorded song for their 2002 demo. The song was composed by guitarist Dave Keuning and the lyrics written by Brandon Flowers. It was re-recorded and released as a single in… Read More 
Comin' out of my cage and I've been doin' just fine
Gotta, gotta be down because I want it all
It started out with a kiss, how did it end up like this?
It was only a kiss, it was only a kiss
Now I'm falling asleep and she's calling a cab
While he's having a smoke and she's taking a drag
Now they're goin' to bed and my stomach is sick
And it's all in my head, but she's touching his

Chest now
He takes off her dress now
Let me go
And I just can't look, it's killing me
And taking control

Jealousy
Turning saints into the sea
Swimming through sick lullabies
Choking on your alibis
But it's just the price I pay
Destiny is calling me
Open up my eager eyes
'Cause I'm Mr. Brightside

I'm comin' out of my cage and I've been doin' just fine
Gotta, gotta be down because I want it all
It started out with a kiss, how did it end up like this?
(It was only a kiss) It was only a kiss
Now I'm falling asleep and she's calling a cab
While he's havin' a smoke and she's taking a drag
Now they're goin' to bed and my stomach is sick
And it's all in my head, but she's touching his

Chest now
He takes off her dress now
Let me go
'Cause I just can't look, it's killing me
And taking control

Jealousy
Turning saints into the sea
Swimming through sick lullabies
Choking on your alibis
But it's just the price I pay
Destiny is calling me
Open up my eager eyes
'Cause I'm Mr. Brightside

I never
I never
I never
I never"
Gold Digger,Kanye West,2005,2000s,"225 ContributorsTranslationsPortuguêsSvenskaPolskiРусский (Russian)DanskGold Digger LyricsKanye examines the “gold digger” phenomenon and sheds light on relationships on this hit single. The song’s hook was originally written for Shawnna and performed from a female’s perspective with lines like
… Read More 
She take my money when I'm in need
Yeah, she's a triflin' friend indeed
Oh, she's a gold digger
Way over town that digs on me
Uh

Now, I ain't sayin' she a gold digger
But she ain't messin' with no broke niggas
Now, I ain't sayin' she a gold digger
But she ain't messin' with no broke niggas

Get down, girl, go 'head, get down
Get down, girl, go 'head, get down
Get down, girl, go 'head, get down
Get down, girl, go 'head

Cutie the bomb, met her at a beauty salon
With a baby Louis Vuitton under her underarm
She said, ""I can tell you rock, I can tell by your charm
Far as girls, you got a flock
I can tell by your charm and your arm""
But I'm lookin' for the one, have you seen her?
My psychic told me she'll have a ass like Serena
Trina, Jennifer Lopez, four kids
And I gotta take all they bad asses to ShowBiz?
Okay, get your kids, but then they got their friends
I pulled up in the Benz, they all got up in
We all went to din' and then I had to pay
If you fuckin' with this girl, then you better be paid
You know why? It take too much to touch her
From what I heard, she got a baby by Busta
My best friend said she used to fuck with Usher
I don't care what none of y'all say, I still love her

Now, I ain't sayin' she a gold digger, uh
But she ain't messin' with no broke niggas, uh
Now, I ain't sayin' she a gold digger, uh
But she ain't messin' with no broke niggas, uh

Get down, girl, go 'head, get down
Get down, girl, go 'head, get down
Get down, girl, go 'head, get down
Get down, girl, go 'head

Eighteen years, eighteen years
She got one of your kids, got you for eighteen years
I know somebody payin' child support for one of his kids
His baby mama car and crib is bigger than his
You will see him on TV any given Sunday
Win the Super Bowl and drive off in a Hyundai
She was supposed to buy your shorty Tyco with your money
She went to the doctor, got lipo with your money
She walkin' 'round lookin' like Michael with your money
Shoulda got that insured, Geico for your money (Money)
If you ain't no punk
Holler, ""We want prenup, we want prenup, yeah""
It's somethin' that you need to have
'Cause when she leave yo' ass, she gon' leave with half
Eighteen years, eighteen years
And on the eighteenth birthday, he found out it wasn't his

Now, I ain't sayin' she a gold digger, uh
But she ain't messin' with no broke niggas, uh
Now, I ain't sayin' she a gold digger, uh
But she ain't messin' with no broke niggas, uh

Get down, girl, go 'head, get down, uh
Get down, girl, go 'head, get down
Get down, girl, go 'head, get down, uh
Get down, girl, go 'head

Now, I ain't sayin' you a gold digger, you got needs
You don't want a dude to smoke, but he can't buy weed
You go out to eat, he can't pay, y'all can't leave
There's dishes in the back, he gotta roll up his sleeves
But while y'all washin', watch him
He gon' make it to a Benz out of that Datsun
He got that ambition, baby, look at his eyes
This week, he moppin' floors, next week, it's the fries
So stick by his side
I know there's dudes ballin', and yeah, that's nice
And they gon' keep callin' and tryin', but you stay right, girl
And when he get on, he'll leave yo' ass for a white girl

Get down, girl, go 'head, get down
Get down, girl, go 'head, get down
Get down, girl, go 'head, get down
Get down, girl, go 'head

Let me hear that back ​"
Hollaback Girl,Gwen Stefani,2005,2000s,"93 ContributorsHollaback Girl Lyrics“Hollaback Girl” was released as the third single from Gwen Stefani’s album Love. Angel. Music. Baby. The song was spurred after Courtney Love made a comment about Gwen Stefani in Seventeen magazine:

Being… Read More 
Uh-huh, this my shit
All the girls, stomp your feet like this

A few times I've been around that track
So it's not just gonna happen like that
'Cause I ain't no Hollaback Girl
I ain't no Hollaback Girl
A few times I've been around that track
So it's not just gonna happen like that
'Cause I ain't no Hollaback Girl
I ain't no Hollaback Girl

Ooh, this my shit, this my shit
Ooh, this my shit, this my shit
Ooh, this my shit, this my shit
Ooh, this my shit, this my shit

I heard that you were talking shit
And you didn't think that I would hear it
People hear you talking like that
Getting everybody fired up
So I'm ready to attack, gonna lead the pack
Gonna get a touchdown, gonna take you out
That's right, put your pom-poms down
Getting everybody fired up

A few times I've been around that track
So it's not just gonna happen like that
'Cause I ain't no Hollaback Girl
I ain't no Hollaback Girl
A few times I've been around that track
So it's not just gonna happen like that
'Cause I ain't no Hollaback Girl
I ain't no Hollaback Girl

Ooh, this my shit, this my shit
Ooh, this my shit, this my shit
Ooh, this my shit, this my shit
Ooh, this my shit, this my shit

So that's right, dude, meet me at the bleachers
No principals, no student-teachers
Both of us wanna be the winner
But there can only be one
So I'm gonna fight, gonna give it my all
Gonna make you fall, gonna sock it to you
That's right, I'm the last one standing
And another one bites the dust

A few times I've been around that track
So it's not just gonna happen like that
'Cause I ain't no Hollaback Girl
I ain't no Hollaback Girl
A few times I've been around that track
So it's not just gonna happen like that
'Cause I ain't no Hollaback Girl
I ain't no Hollaback Girl

Ooh, this my shit, this my shit
Ooh, this my shit, this my shit
Ooh, this my shit, this my shit
Ooh, this my shit, this my shit

Let me hear you say, this shit is bananas
B-A-N-A-N-A-S
This shit is bananas
B-A-N-A-N-A-S
Again, the shit is bananas
B-A-N-A-N-A-S
This shit is bananas
B-A-N-A-N-A-S

A few times I've been around that track
So it's not just gonna happen like that
'Cause I ain't no Hollaback Girl
I ain't no Hollaback Girl
A few times I've been around that track
So it's not just gonna happen like that
'Cause I ain't no Hollaback Girl
I ain't no Hollaback Girl

Ooh, this my shit, this my shit
Ooh, this my shit, this my shit
Ooh, this my shit, this my shit
Ooh, this my shit, this my shit"
Rehab,Amy Winehouse,2006,2000s,"123 ContributorsTranslationsPortuguêsDeutschFrançaisRehab Lyrics“Rehab,” the leading single off of Back To Black, arguably put Winehouse on the international map. The song is a hauntingly ironic, upbeat tune where Winehouse refuses to go to a rehabilitation centre to help… Read More 

They tried to make me go to rehab, but I said, ""No, no, no""
Yes, I've been black, but when I come back, you'll know, know, know
I ain't got the time and if my daddy thinks I'm fine
He's tried to make me go to rehab, but I won't go, go, go

I'd rather be at home with Ray
I ain't got seventy days
'Cause there's nothing, there's nothing you can teach me
That I can't learn from Mr. Hathaway

I didn't get a lot in class
But I know it don't come in a shot glass

They tried to make me go to rehab, but I said, ""No, no, no""
Yes, I've been black, but when I come back, you'll know, know, know
I ain't got the time and if my daddy thinks I'm fine
He's tried to make me go to rehab, but I won't go, go, go

The man said ""Why do you think you here?""
I said, ""I got no idea""
I'm gonna, I'm gonna lose my baby
So I always keep a bottle near

He said, ""I just think you're depressed""
This, me: ""Yeah, baby, and the rest""

They tried to make me go to rehab but I said, ""No, no, no""
Yes, I've been black, but when I come back, you'll know, know, know

I don't ever wanna drink again
I just, ooh, I just need a friend
I'm not gonna spend ten weeks
Have everyone think I'm on the mend

It's not just my pride
It's just till these tears have dried

They tried to make me go to rehab, but I said, ""No, no, no""
Yes, I've been black, but when I come back, you'll know, know, know
I ain't got the time and if my daddy thinks I'm fine
He's tried to make me go to rehab, but I won't go, go, go"
Bleeding Love,Leona Lewis,2007,2000s,"72 ContributorsTranslationsDeutschTürkçeFrançaisBleeding Love Lyrics“Bleeding Love” is Leona Lewis' first official single after winning the third season of The X Factor UK. It debuted at #1 on the UK Singles Chart and became the best-selling single of 2008 worldwide. It has… Read More 
Hey

Closed off from love, I didn't need the pain
Once or twice was enough and it was all in vain
Time starts to pass, before you know it you're frozen, ooh
But somethin' happened for the very first time with you
My heart melted to the ground, found somethin' true
And everyone's lookin' 'round thinkin' I'm going crazy
Ooh, yeah

But I don't care what they say, I'm in love with you
They try to pull me away, but they don't know the truth
My heart's crippled by the vein that I keep on closin'
You cut me open and I

Keep bleedin'
Keep, keep bleeding love
I keep bleedin'
I keep, keep bleeding love
Keep bleedin'
Keep, keep bleeding love
You cut me open

Mm, yeah

Tryin' hard not to hear, but they talk so loud
Their piercin' sounds fill my ears, try to fill me with doubt
Yet I know that their goal is to keep me from fallin', ooh, yeah
But nothin's greater than the risk that comes with your embrace
And in this world of loneliness, I see your face
Yet everyone around me thinks that I'm going crazy
Maybe, maybe

But I don't care what they say, I'm in love with you
They try to pull me away, but they don't know the truth
My heart's crippled by the vein that I keep on closin'
You cut me open and I

Keep bleedin'
Keep, keep bleeding love
I keep bleedin'
I keep, keep bleeding love
Keep bleedin'
Keep, keep bleeding love
You cut me open, mmh

And it's drainin' all of me
Though they find it hard to believe
I'll be wearin' these scars for everyone to see

I don't care what they say, I'm in love with you
They try to pull me away, but they don't know the truth
My heart's crippled by the vein that I keep on closin'
Ooh, you cut me open and I

Keep bleedin'
Keep, keep bleeding love
I keep bleedin'
I keep, keep bleeding love (You)
Keep bleedin'
Keep, keep bleeding love
Oh, you cut me open and I
Keep bleedin'
Keep, keep bleeding love (You)
I keep bleedin'
I keep, keep bleeding love (Oh, keep bleeding love)
Keep bleedin' (I keep)
Keep, keep bleeding love
Ooh, you cut me open and I

Keep bleedin'
Keep, keep bleeding love
Hey"
Viva La Vida,Coldplay,2008,2000s,"292 ContributorsTranslationsहिन्दी (Hindi)TürkçeEspañolPortuguêsDeutschFrançais한국어 (Korean)Danskفارسیעברית (Hebrew)ItalianoNederlandsČeskyViva La Vida LyricsRevered as an essential rock song of the 2000s, “Viva La Vida” tells the story of a monarch who’s lost his kingdom. In another aspect, the song is also seen as a narrative on the French Revolution given the… Read More 
I used to rule the world
Seas would rise when I gave the word
Now in the mornin', I sleep alone
Sweep the streets I used to own

I used to roll the dice
Feel the fear in my enemy's eyes
Listen as the crowd would sing
""Now the old king is dead, long live the king""
One minute, I held the key
Next, the walls were closed on me
And I discovered that my castles stand
Upon pillars of salt and pillars of sand

I hear Jerusalem bells a-ringin'
Roman cavalry choirs are singin'
Be my mirror, my sword and shield
My missionaries in a foreign field
For some reason, I can't explain
Once you'd gone, there was never
Never an honest word
And that was when I ruled the world

It was a wicked and wild wind
Blew down the doors to let me in
Shattered windows and the sound of drums
People couldn't believe what I'd become
And revolutionaries wait
For my head on a silver plate
Just a puppet on a lonely string (Mmm, mmm)
Aw, who would ever wanna be king?

I hear Jerusalem bells a-ringin'
Roman cavalry choirs are singin'
Be my mirror, my sword and shield
My missionaries in a foreign field
For some reason, I can't explain
I know Saint Peter won't call my name
Never an honest word
But that was when I ruled the world

Oh-oh-oh, oh-oh, oh
Oh-oh-oh, oh-oh, oh
Oh-oh-oh, oh-oh, oh
Oh-oh-oh, oh-oh, oh

(Oh-oh-oh, oh-oh, oh)
Hear Jerusalem bells a-ringin'
(Oh-oh-oh, oh-oh, oh)
Roman cavalry choirs are singin'
(Oh-oh-oh, oh-oh, oh)
Be my mirror, my sword and shield
(Oh-oh-oh, oh-oh, oh)
My missionaries in a foreign field
(Oh-oh-oh, oh-oh, oh)
For some reason, I can't explain
(Oh-oh-oh, oh-oh, oh)
I know Saint Peter won't call my name
Never an honest word
But that was when I ruled the world

Mmm, mmm, mmm, mmm
Mmm, mmm, mmm, mmm
Mmm, mmm"
I Gotta Feeling,Black Eyed Peas,2009,2000s,"117 ContributorsTranslationsEspañolDeutschTürkçeI Gotta Feeling LyricsAs the second single of The Black Eyed Peas' E.N.D. era, this track came to be the most successful off the album.

After the single’s success, the group released  Invasion Of I Gotta Feeling – Megamix EP… Read More 
I got a feelin'
That tonight's gonna be a good night
That tonight's gonna be a good night
That tonight's gonna be a good, good night
A feelin'
That tonight's gonna be a good night
That tonight's gonna be a good night
That tonight's gonna be a good, good night
A feelin', woo-hoo
That tonight's gonna be a good night
That tonight's gonna be a good night
That tonight's gonna be a good, good night
A feelin', woo-hoo
That tonight's gonna be a good night
That tonight's gonna be a good night
That tonight's gonna be a good, good night (I feel)

Tonight's the night, let's live it up
I got my money, let's spend it up (I feel)
Go out and smash it, like, ""Oh my God!""
Jump off that sofa, let's kick it off (I feel)

I know that we'll have a ball
If we get down and go out and just lose it all
I feel stressed out, I wanna let it go
Let's go way out, spaced out, and losin' all control (I feel)

Fill up my cup, mazel tov
Look at her dancin', just take it off (I feel)
Let's paint the town, we'll shut it down
Let's burn the roof
And then we'll do it again (I feel)
Let's do it, let's do it, let's do it
Let's do it, and do it, and do it, let's live it up (I feel)
And do it, and do it, and do it, do it, do it
Let's do it, let's do it, let's do it

'Cause I got a feelin', woo-hoo
That tonight's gonna be a good night
That tonight's gonna be a good night
That tonight's gonna be a good, good night
A feelin', woo-hoo
That tonight's gonna be a good night
That tonight's gonna be a good night
That tonight's gonna be a good, good night (I feel)

Tonight's the night (Hey), let's live it up (Let's live it up)
I got my money (I'm payin'), let's spend it up (Let's spend it up)
Go out and smash it (Smash it), like, ""Oh my God!"" (Like, ""Oh my God!"")
Jump off that sofa (Come on), let's kick it off

Fill up my cup (Drank), mazel tov (L'chaim)
Look at her dancin' (Move it, move it), just take it off
Let's paint the town (Paint the town), we'll shut it down (Shut it down)
Let's burn the roof (Woo)
And then we'll do it again
Let's do it, let's do it, let's do it (Let's do it)
Let's do it, and do it (Do it), and do it, let's live it up
And do it (Do it), and do it (And do it)
And do it, do it, do it (And, and, and do it)
Let's do it (And do it), let's do it (And do it)
Let's do it, do it, do it, do it (Hey, hey, hey)

Here we come, here we go, we gotta rock
Easy come, easy go, now we on top (I feel)
Fill the shot, body rock, rock it, don't stop
'Round and 'round, up and down, around the clock (I feel)

Monday, Tuesday, Wednesday and Thursday (Do it)
Friday, Saturday, Saturday to Sunday (Do it)
Get-get-get-get-get with us, you know what we say (Say)
Party every day, pa-pa-pa-party every day

And I'm feelin', woo-hoo
That tonight's gonna be a good night
That tonight's gonna be a good night
That tonight's gonna be a good, good night
A feelin', woo-hoo
That tonight's gonna be a good night
That tonight's gonna be a good night
That tonight's gonna be a good, good night

Woo-hoo"
Boom Boom Pow,Black Eyed Peas,2009,2000s,"108 ContributorsTranslationsTürkçeBoom Boom Pow LyricsFirst track and single of The Black Eyed Peas for their 3rd album (5th if we don’t count the arrival of Fergie), The E.N.D..

The BEP have marked 2009 with this hit banger which announced a new style adopted… Read More 
Welcome
Welcome to The E.N.D
Do not panic, there is nothing to fear
Everything around you is changing
Nothing stays the same
This version of myself is not permanent
Tomorrow, I will be different
The energy never dies
Energy cannot be destroyed, or created
It always is, and it always will be
This is the end, and the beginning..
Forever infinite
Welcome

Gotta get that
Gotta get that
Gotta get that
Gotta get that, that, that, that, that

Boom boom boom
Gotta get that boom boom boom
Gotta get that boom boom boom
Gotta get that boom boom boom
Gotta get that boom boom boom
That boom boom boom
That boom boom boom
Boom boom boom

Yo, I got that hit to beat the block
You can get that bass on below
I got that rock 'n' roll, that future flow
That digital spit, next level visual shit
I got that boom boom boom
How the beat bang? Boom boom boom

I like that boom boom pow
Them chickens jackin' my style
They try to copy my swagger
I'm on that next shit now
I'm so three thousand and eight
You so two thousand and late
I got that boom boom boom
That future boom boom boom
Let me get it now

Boom boom boom
Gotta get that boom boom boom
Gotta get that boom boom boom
Gotta get that boom boom boom
Gotta get that boom boom boom
That boom boom boom
That boom boom boom
Boom boom boom

I'm on that supersonic boom
Y'all hear that spaceship zoom
When I step inside the room
Them girls go apeshit, mmm
Y'all stuck on Super 8 shit
That lo-fi stupid 8-bit
I'm on that HD flat
This beat go boom boom bap

I'm a beast when you turn me on
Into the future, cybertron
Harder, faster, better, stronger
Sexy ladies, extra longer
'Cause we got the beat that bounce
We got the beat that pound
We got the beat, that 808
That boom boom in your town

People in the place
If you wanna get down
Put your hands in the air
​will.i.am., drop the beat now
Yup, yup
I be rockin' them beats
Yup, yup
I be rockin' them beats
Y-yup, yup, yup, ha, ha, ha

Here we go, here we go, satellite radio
Y'all gettin' hit wit' the (Boom, boom!)
Beats so big, I'm steppin' on leprechauns
Shittin' on y'all wit' the (Boom, boom!)
Shittin' on y'all wit' the (Boom, boom!)
Shittin' on y'all wit' the
This beat be bumpin', bumpin'
This beat go boom boom
Let the beat rock
Let the beat rock
Let the beat rock
This beat be bumpin', bumpin'
This beat go boom boom

I like that boom boom pow
Them chickens jackin' my style
They try to copy my swagger
I'm on that next shit now
I'm so three thousand and eight
You so two thousand and late
I got that boom boom boom
That future boom boom boom
Let me get it now

Boom boom boom
Gotta get that boom boom boom
Gotta get that boom boom boom
Gotta get that boom boom boom
Gotta get that boom boom boom
That boom boom boom
That boom boom boom
Boom boom boom

Let the beat rock (Let the beat rock)
Let the beat rock (Let the beat...)
Let the beat rock (Let the beat rock, rock, rock...)"
Love Story,Taylor Swift,2008,2000s,"171 ContributorsTranslationsFrançaisEspañolPortuguêsDeutschTürkçeČeskysrpskiLove Story LyricsTaylor was inspired to write “Love Story” when she was going through a difficult situation with a boy she liked, whom she wasn’t “officially” dating. The song has been rumored to be about two singers – the… Read More 
We were both young when I first saw you
I close my eyes and the flashback starts
I'm standing there
On a balcony in summer air
See the lights, see the party, the ball gowns
See you make your way through the crowd
And say, ""Hello""
Little did I know

That you were Romeo, you were throwing pebbles
And my daddy said, ""Stay away from Juliet""
And I was crying on the staircase
Begging you, ""Please don't go,"" and I said

Romeo, take me somewhere we can be alone
I'll be waiting, all there's left to do is run
You'll be the prince and I'll be the princess
It's a love story, baby, just say, ""Yes""

So I sneak out to the garden to see you
We keep quiet 'cause we're dead if they knew
So close your eyes
Escape this town for a little while, oh, oh

'Cause you were Romeo, I was a scarlet letter
And my daddy said, ""Stay away from Juliet""
But you were everything to me
I was begging you, ""Please don't go,"" and I said

Romeo, take me somewhere we can be alone
I'll be waiting, all there's left to do is run
You'll be the prince and I'll be the princess
It's a love story, baby, just say, ""Yes""
Romeo, save me, they're trying to tell me how to feel
This love is difficult, but it's real
Don't be afraid, we'll make it out of this mess
It's a love story, baby, just say, ""Yes""

Oh, oh

But I got tired of waiting
Wondering if you were ever coming around
My faith in you was fading
When I met you on the outskirts of town and I said

""Romeo, save me, I've been feeling so alone
I keep waiting for you, but you never come
Is this in my head? I don't know what to think""
He knelt to the ground and pulled out a ring, and said
""Marry me, Juliet, you'll never have to be alone
I love you and that's all I really know
I talked to your dad, go pick out a white dress
It's a love story, baby, just say 'Yes'""

Oh, oh, oh
Oh, oh, oh
'Cause we were both young when I first saw you"
Low,Flo Rida,2007,2000s,"121 ContributorsTranslationsDeutschLow Lyrics“Low” is the debut single by Flo Rida, from his debut album Mail on Sunday. it was also the soundtrack to the 2008 film Step Up 2: The Streets.

Its catchy, club oriented Southern hip-hop influences made it… Read More 
Mm
Let me talk to 'em, let me talk to 'em
Let it ride (Mm)
Let me talk to 'em (Come on)

Shawty had them Apple Bottom jeans (Jeans), boots with the fur (With the fur)
The whole club was lookin' at her
She hit the floor (She hit the floor), next thing you know
Shawty got low, low, low, low, low, low, low, low
Them baggy sweatpants and the Reeboks with the straps (With the straps)
She turned around and gave that big booty a smack (Ayy)
She hit the floor (She hit the floor), next thing you know
Shawty got low, low, low, low, low, low, low, low

Hey, I ain't never seen nothin' that'll make me go
This crazy all night, spendin' my dough
Had a million dollar vibe and a bottle to go
Them birthday cakes they stole the show
So sexual, she was flexible
Professional, drinkin' X and O
Hold up, wait a minute, do I see what I think I, woah
Did I think I see shawty get low?
Ain't the same when it's up that close
Make it rain, I'm makin' it snow
Work the pole, I got the bank roll
I'ma say that I prefer them no clothes
I'm into that, I love women exposed
She threw it back at me, I gave her more
Cash ain't no problem, I know where it goes

She had them AppleBottom jeans (Jeans), boots with the fur (With the fur)
The whole club was lookin' at her
She hit the floor (She hit the floor), next thing you know
Shawty got low, low, low, low, low, low, low, low
Them baggy sweatpants and the Reeboks with the straps (With the straps)
She turned around and gave that big booty a smack (Ayy)
She hit the floor (She hit the floor), next thing you know
Shawty got low, low, low, low, low, low, low, low

Hey, shawty, what I gotta do to get you home?
My jeans full of guap and they ready for shones
Cadillacs, Maybachs for the sexy groan
Patrón on the rocks that'll make you moan
One stack, c'mon, two stacks, c'mon
Three stacks, c'mon, now that's three grand
What, you think I'm playin', baby girl?
I'm the man, I invented rubber bands
That's what I told her, her legs on my shoulder
I knew it was over, that Henny and Cola
Got me like a soldier, she ready for Rover
I couldn't control her, so lucky, oh, me, I was just like a clover
Shawty was hot like a toaster
Sorry but I had to fold her
Like a pornography poster, she showed her

AppleBottom jeans (Jeans), boots with the fur (With the fur)
The whole club was lookin' at her
She hit the floor (She hit the floor), next thing you know
Shawty got low, low, low, low, low, low, low, low
Them baggy sweatpants and the Reeboks with the straps (With the straps)
She turned around and gave that big booty a smack (Ayy)
She hit the floor (She hit the floor), next thing you know
Shawty got low, low, low, low, low, low, low, low

Woah, shawty
Yeah, she was worth the money
Lil' mama took my cash and I ain't want it back
The way she bent that back, got her them paper stacks
Tattoo above her crack, I had to handle that
I was on it, sexy woman
Let me showin' and made me want it
Two in the mornin', I'm zonin' and them Rosé bottles foamin'
She wouldn't stop, made it drop
Shawty did that pop and lock
Had to break her off that guap
Gal was fly just like my Glock

AppleBottom jeans (Jeans), boots with the fur (With the fur)
The whole club was lookin' at her
She hit the floor (She hit the floor), next thing you know
Shawty got low, low, low, low, low, low, low, low
Them baggy sweatpants and the Reeboks with the straps (With the straps)
She turned around and gave that big booty a smack (Ayy)
She hit the floor (She hit the floor), next thing you know
Shawty got low, low, low, low, low, low, low, low (C'mon)"
Irreplaceable,Beyonce,2006,2000s,"76 ContributorsTranslationsPolskiPortuguêsIrreplaceable Lyrics“Irreplaceable” is the ultimate kiss-off song and ultimately Beyoncé at her peak. The lyrics were originally written by Ne-Yo from a male perspective, but later changed when Beyoncé came on board. In it, she… Read More 
To the left, to the left
To the left, to the left
Mm

To the left, to the left
Everything you own in the box to the left
In the closet, that's my stuff
Yes, if I bought it, nigga, please don't touch (Don't touch)
And keep talkin' that mess, that's fine
But could you walk and talk at the same time?
And, it's my name that's on that Jag
So remove your bags, let me call you a cab

Standin' in the front yard
Tellin' me how I'm such a fool
Talkin' 'bout how I'll never ever find a man like you
You got me twisted

You must not know 'bout me
You must not know 'bout me
I could have another you in a minute
Matter of fact, he'll be here in a minute, baby
You must not know 'bout me
You must not know 'bout me
I can have another you by tomorrow
So don't you ever for a second get to thinking
You're irreplaceable

So go ahead and get gone
Call up that chick and see if she's home
Oops, I bet you thought that I didn't know
What did you think I was puttin' you out for?
Because you was untrue
Rollin' her 'round in the car that I bought you
Baby, drop them keys
Hurry up before your taxi leaves

Standin' in the front yard
Tellin' me how I'm such a fool
Talkin' 'bout how I'll never ever find a man like you
You got me twisted

You must not know 'bout me
You must not know 'bout me
I could have another you in a minute
Matter of fact, he'll be here in a minute, baby
You must not know 'bout me
You must not know 'bout me (Me)
I will have another you by tomorrow
So don't you ever for a second get to thinking
You're irreplaceable (Irreplaceable)

So since I'm not your everything (Irreplaceable)
How about I'll be nothing (Nothing)
Nothing at all to you (Nothing)
Baby, I won't shed a tear for you (I won't shed a tear)
I won't lose a wink of sleep
'Cause the truth of the matter is
Replacing you was so easy

To the left, to the left
To the left, to the left
Mm
To the left, to the left
Everything you own in the box to the left
To the left, to the left
Don't you ever for a second get to thinking
You're irreplaceable

You must not know 'bout me
You must not know 'bout me
I could have another you in a minute
Matter of fact, he'll be here in a minute, baby
You must not know 'bout me
You must not know 'bout me (Me)
I can have another you by tomorrow
So don't you ever for a second get to thinking
You must not know 'bout me (Baby, yeah)
You must not know 'bout me (Yeah)
I could have another you in a minute
Matter of fact, he'll be here in a minute
You can pack all your bags, we're finished
(You must not know 'bout me)
'Cause you made your bed, now lay in it
(You must not know 'bout me, me)
I can have another you by tomorrow
Don't you ever for a second get to thinking
You're irreplaceable"
SexyBack,Justin Timberlake,2006,2000s,"102 ContributorsTranslationsPortuguêsРусский (Russian)TürkçeSexyBack Lyrics“SexyBack”, that uber-naughty smash hit of 2006, is a song by American recording artist Justin Timberlake from his second studio album, FutureSex/LoveSounds.

The track became Timberlake’s first number-one… Read More 
I'm bringin' sexy back (Yeah)
Them other boys don't know how to act (Yeah)
I think it's special, what's behind your back? (Yeah)
So turn around and I'll pick up the slack (Yeah)
Take it to the bridge, c'mon (Listen)

Dirty babe (Uh-huh)
You see these shackles, baby, I'm your slave (Uh-huh)
I'll let you whip me if I misbehave (Uh-huh)
It's just that no one makes me feel this way (Uh-huh)
Take it to the chorus

Come here, girl (Go 'head, be gone with it)
Come to the back (Go 'head, be gone with it)
VIP (Go 'head, be gone with it)
Drinks on me (Go 'head, be gone with it)
Let me see what you're twerkin' with (Go 'head, be gone with it)
Look at those hips (Go 'head, be gone with it)
You make me smile (Go 'head, be gone with it)
Go 'head, child (Go 'head, be gone with it)
And get your sexy on (Go 'head, be gone with it)
Get your sexy on (Go 'head, be gone with it)
Get your sexy on (Go 'head, be gone with it)
Get your sexy on (Go 'head, be gone with it)
Get your sexy on, ha (Go 'head, be gone with it)
Get your sexy on (Go 'head, be gone with it)
Get your sexy on (Go 'head, be gone with it)
Get your sexy on

I'm bringin' sexy back (Yeah)
Them other fuckers don't know how to act (Yeah)
Girl, let me make up for the things you lack (Yeah)
'Cause you're burnin' up, I gotta get it fast (Yeah)
Take it to the bridge, ha (Listen)

Dirty babe (Uh-huh)
You see these shackles, baby, I'm your slave (Uh-huh)
I'll let you whip me if I misbehave (Uh-huh)
It's just that no one makes me feel this way (Uh-huh)
Take it to the chorus, ha

Come here, girl (Go 'head, be gone with it)
Come to the back (Go 'head, be gone with it)
VIP (Go 'head, be gone with it)
Drinks on me (Go 'head, be gone with it)
Let me see what you're twerkin' with (Go 'head, be gone with it)
Look at those hips (Go 'head, be gone with it)
You make me smile (Go 'head, be gone with it)
Go 'head, child (Go 'head, be gone with it)
And get your sexy on (Go 'head, be gone with it)
Get your sexy on (Go 'head, be gone with it)
Get your sexy on (Go 'head, be gone with it)
Get your sexy on (Go 'head, be gone with it)
Get your sexy on, ha (Go 'head, be gone with it)
Get your sexy on (Go 'head, be gone with it)
Get your sexy on (Go 'head, be gone with it)
Get your sexy on, ha

You ready?
You ready?
You ready?
Uh (Yes)

I'm bringin' sexy back (Yeah)
You motherfuckers watch how I attack (Yeah)
If that's your girl, better watch your back (Yeah)
'Cause she'll burn it up for me, and that's a fact (Yeah)
Take it to the chorus, ha

Come here, girl (Go 'head, be gone with it)
Come to the back (Go 'head, be gone with it)
VIP (Go 'head, be gone with it)
Drinks on me (Go 'head, be gone with it)
Let me see what you're twerkin' with (Go 'head, be gone with it)
Look at those hips (Go 'head, be gone with it)
You make me smile (Go 'head, be gone with it)
Go 'head, child (Go 'head, be gone with it)
And get your sexy on (Go 'head, be gone with it)
Get your sexy on (Go 'head, be gone with it)
Get your sexy on (Go 'head, be gone with it)
Get your sexy on (Go 'head, be gone with it)
Get your sexy on, ha (Go 'head, be gone with it)
Get your sexy on (Go 'head, be gone with it)
Get your sexy on (Go 'head, be gone with it)
Get your sexy on

You ready? (Yes)
You ready? (Yes)
(Yes)"
Rolling In The Deep,Adele,2010,2010s,"129 ContributorsTranslationsFrançaisEspañolPortuguêsΕλληνικάفارسیPolskiTürkçeItalianoDeutschالعربيةRolling in the Deep LyricsThe 2012 song and record of the Year at the Grammy’s, “Rolling In The Deep” was described in an interview with Spin Magazine as a ‘gospel disco’ kiss-off to an unfaithful dude:

It’s me saying, ‘Get the fuck… Read More 
There's a fire starting in my heart
Reaching a fever pitch and it's bringing me out the dark
Finally, I can see you crystal clear
Go ahead and sell me out and I'll lay your shit bare
See how I'll leave with every piece of you
Don't underestimate the things that I will do
There's a fire starting in my heart
Reaching a fever pitch and it's bringing me out the dark

The scars of your love remind me of us
They keep me thinkin' that we almost had it all
The scars of your love, they leave me breathless
I can't help feeling

We could've had it all (You're gonna wish you never had met me)
Rolling in the deep (Tears are gonna fall, rolling in the deep)
You had my heart inside of your hand (You're gonna wish you never had met me)
And you played it to the beat (Tears are gonna fall, rolling in the deep)

Baby, I have no story to be told
But I've heard one on you, now I'm gonna make your head burn
Think of me in the depths of your despair
Make a home down there, as mine sure won't be shared

(You're gonna wish you never had met me) The scars of your love remind me of us
(Tears are gonna fall, rolling in the deep) They keep me thinkin' that we almost had it all
(You're gonna wish you never had met me) The scars of your love, they leave me breathless
(Tears are gonna fall, rolling in the deep) I can't help feeling

We could've had it all (You're gonna wish you never had met me)
Rolling in the deep (Tears are gonna fall, rolling in the deep)
You had my heart inside of your hand (You're gonna wish you never had met me)
And you played it to the beat (Tears are gonna fall, rolling in the deep)
Could've had it all
Rolling in the deep
You had my heart inside of your hand
But you played it with a beating

Throw your soul through every open door (Ooh woah, oh)
Count your blessings to find what you look for (Woah)
Turn my sorrow into treasured gold (Ooh woah, oh)
You'll pay me back in kind and reap just what you've sown

(You're gonna wish you never had met me)
We could've had it all (Tears are gonna fall, rolling in the deep)
We could've had it all, yeah (You're gonna wish you never had met me)
It all, it all, it all (Tears are gonna fall, rolling in the deep)

We could've had it all (You're gonna wish you never had met me)
Rolling in the deep (Tears are gonna fall, rolling in the deep)
You had my heart inside of your hand (You're gonna wish you never had met me)
And you played it to the beat (Tears are gonna fall, rolling in the deep)
Could've had it all (You're gonna wish you never had met me)
Rolling in the deep (Tears are gonna fall, rolling in the deep)
You had my heart inside of your hand (You're gonna wish you never had met me)
But you played it, you played it, you played it
You played it to the beat"
Someone Like You,Adele,2011,2010s,"174 ContributorsTranslationsEspañolΕλληνικάفارسیDeutschالعربيةFrançaisItalianoУкраїнськаTürkçeSomeone Like You Lyrics“Someone Like You” is the second single off of Adele’s sophomore album, 21. The track was inspired by the broken relationship that inspired most of 21. As the closing track of the album, lyrically, it speaks… Read More 
I heard that you're settled down
That you found a girl and you're married now
I heard that your dreams came true
Guess she gave you things I didn't give to you
Old friend, why are you so shy?
Ain't like you to hold back or hide from the light

I hate to turn up out of the blue, uninvited
But I couldn't stay away, I couldn't fight it
I had hoped you'd see my face
And that you'd be reminded that for me, it isn't over

Never mind, I'll find someone like you
I wish nothing but the best for you, too
Don't forget me, I beg
I remember you said
Sometimes it lasts in love, but sometimes it hurts instead
Sometimes it lasts in love, but sometimes it hurts instead

You know how the time flies
Only yesterday was the time of our lives
We were born and raised in a summer haze
Bound by the surprise of our glory days

I hate to turn up out of the blue, uninvited
But I couldn't stay away, I couldn't fight it
I had hoped you'd see my face
And that you'd be reminded that for me, it isn't over

Never mind, I'll find someone like you
I wish nothing but the best for you, too
Don't forget me, I beg
I remember you said
Sometimes it lasts in love, but sometimes it hurts instead

Nothing compares, no worries or cares
Regrets and mistakes, they're memories made
Who would have known how bittersweet this would taste?

Never mind, I'll find someone like you
I wish nothing but the best for you
Don't forget me, I beg
I remember you said
Sometimes it lasts in love, but sometimes it hurts instead
Never mind, I'll find someone like you
I wish nothing but the best for you, too
Don't forget me, I beg
I remember you said
Sometimes it lasts in love, but sometimes it hurts instead
Sometimes it lasts in love, but sometimes it hurts instead"
Call Me Maybe,Carly Rae Jepsen,2012,2010s,"183 ContributorsTranslationsPortuguêsFrançaisTürkçeالعربيةDeutschEspañolCall Me Maybe Lyrics
I threw a wish in the well
Don't ask me, I'll never tell
I looked to you as it fell
And now you're in my way
I trade my soul for a wish
Pennies and dimes for a kiss
I wasn't lookin' for this
But now you're in my way

Your stare was holdin'
Ripped jeans, skin was showin'
Hot night, wind was blowin'
Where you think you're goin', baby?

Hey, I just met you, and this is crazy
But here's my number, so call me maybe
It's hard to look right at you, baby
But here's my number, so call me maybe
Hey, I just met you, and this is crazy
But here's my number, so call me maybe
And all the other boys try to chase me
But here's my number, so call me maybe

You took your time with the call
I took no time with the fall
You gave me nothin' at all
But still, you're in my way
I beg and borrow and steal
At first sight, and it's real
I didn't know I would feel it
But it's in my way

Your stare was holdin'
Ripped jeans, skin was showin'
Hot night, wind was blowin'
Where you think you're goin', baby?

Hey, I just met you, and this is crazy
But here's my number, so call me maybe
It's hard to look right at you, baby
But here's my number, so call me maybe
Hey, I just met you, and this is crazy
But here's my number, so call me maybe
And all the other boys try to chase me
But here's my number, so call me maybe

Before you came into my life, I missed you so bad
I missed you so bad, I missed you so, so bad
Before you came into my life, I missed you so bad
And you should know that, I missed you so, so bad

It's hard to look right at you, baby
But here's my number, so call me maybe

Hey, I just met you, and this is crazy
But here's my number, so call me maybe
And all the other boys try to chase me
But here's my number, so call me maybe

Before you came into my life, I missed you so bad
I missed you so bad, I missed you so, so bad
Before you came into my life, I missed you so bad
And you should know that, so call me maybe"
Happy,Pharrell Williams,2013,2010s,"196 ContributorsTranslationsPortuguêsΕλληνικάFrançaisРусский (Russian)TürkçeHappy LyricsPharrell made the world “Happy” in 2014 with this feel-good anthem. The song soared to #1 in 35 countries—it was the best selling song of 2014.

Pharrell wrote and produced “Happy” for the soundtrack of… Read More 

It might seem crazy what I'm 'bout to say
Sunshine, she's here, you can take a break
I'm a hot air balloon that could go to space
With the air, like I don't care, baby, by the way, huh

(Because I'm happy)
Clap along if you feel like a room without a roof
(Because I'm happy)
Clap along if you feel like happiness is the truth
(Because I'm happy)
Clap along if you know what happiness is to you
(Because I'm happy)
Clap along if you feel like that's what you wanna do

Here come bad news, talking this and that (Yeah!)
Well, give me all you got, don't hold it back (Yeah!)
Well, I should probably warn ya, I'll be just fine (Yeah!)
No offense to you, don’t waste your time, here's why

(Because I'm happy)
Clap along if you feel like a room without a roof
(Because I'm happy)
Clap along if you feel like happiness is the truth
(Because I'm happy)
Clap along if you know what happiness is to you
(Because I'm happy)
Clap along if you feel like that's what you wanna do (Hey! Come on! Uh!)

(Happy) Bring me down
Can't nothing (Happy), bring me down
My level's too high to (Happy), bring me down
Can't nothing (Happy), bring me down, I said
(Let me tell you now)
(Happy, happy, happy, happy) Bring me down
Can't nothing (Happy, happy, happy, happy) bring me down
My level's too high to (Happy, happy, happy, happy)  bring me down
Can't nothing (Happy, happy, happy) bring me down, I said

(Because I'm happy)
Clap along if you feel like a room without a roof
(Because I'm happy)
Clap along if you feel like happiness is the truth
(Because I'm happy)
Clap along if you know what happiness is to you
(Because I'm happy)
Clap along if you feel like that's what you wanna do
(Because I'm happy)
Clap along if you feel like a room without a roof
(Because I'm happy)
Clap along if you feel like happiness is the truth
(Because I'm happy)
Clap along if you know what happiness is to you
(Because I'm happy)
Clap along if you feel like that's what you wanna do (Hey! Come on! Uh!)

(Happy, happy, happy, happy) Bring me down
Can't nothing (Happy, happy, happy, happy) bring me down
My level's too high to (Happy, happy, happy, happy)  bring me down
Can't nothing (Happy, happy, happy) bring me down, I said…

(Because I'm happy)
Clap along if you feel like a room without a roof
(Because I'm happy)
Clap along if you feel like happiness is the truth
(Because I'm happy)
Clap along if you know what happiness is to you
(Because I'm happy)
Clap along if you feel like that's what you wanna do
(Because I'm happy)
Clap along if you feel like a room without a roof
(Because I'm happy)
Clap along if you feel like happiness is the truth
(Because I'm happy)
Clap along if you know what happiness is to you
(Because I'm happy)
Clap along if you feel like that's what you wanna do (Come on)"
Uptown Funk,Mark Ronson,2014,2010s,"195 ContributorsTranslationsPortuguêsItalianoΕλληνικάDeutschTürkçeUptown Funk Lyrics“Uptown Funk” is the fourth track on and first single off of Mark Ronson’s fourth studio album, Uptown Special. The song topped the Billboard charts and has sold over 11,000,000 copies in the United States… Read More 
Doh
Doh-doh-doh, doh-doh-doh, doh-doh
Doh-doh-doh, doh-doh-doh, doh-doh
Doh-doh-doh, doh-doh-doh, doh-doh
Doh-doh-doh, doh-doh (Aw, ow)

This hit, that ice cold
Michelle Pfeiffer, that white gold
This one for them hood girls
Them good girls, straight masterpieces
Stylin', wilin', livin' it up in the city
Got Chucks on with Saint Laurent
Gotta kiss myself, I'm so pretty

I'm too hot (Hot damn)
(Doh)
Uh, call the police and the fireman
(Doh-doh-doh, doh-doh-doh, doh-doh)
I'm too hot (Hot damn)
(Doh-doh-doh, doh-doh-doh, doh-doh)
Make a dragon wanna retire, man
I'm too hot (Hot damn)
(Doh-doh-doh, doh-doh-doh, doh-doh)
Say my name, you know who I am
I'm too hot (Hot damn)
(Doh-doh-doh, doh-doh, doh, doh)
And my band 'bout that money, break it down

Girls hit your hallelujah (Woo)
Girls hit your hallelujah (Woo)
Girls hit your hallelujah (Woo)
'Cause uptown funk gon' give it to you (Woo)
('Cause uptown funk gon' give it to you)
'Cause uptown funk gon' give it to you
Saturday night and we in the spot
Don't believe me, just watch, come on

Doh
Doh-doh-doh, doh-doh-doh, doh-doh (Ya)
(Doh-doh-doh, doh-doh-doh, doh-doh)
Don't believe me, just watch, uh
Doh-doh-doh, doh-doh-doh, doh-doh (Ya)
(Doh-doh-doh, doh-doh—)
Don't believe me, just watch, uh
Don't believe me, just watch, uh
Don't believe me, just watch
Don't believe me, just watch
Hey, hey, hey, oh

Stop, wait a minute
Fill my cup, put some liquor in it
Take a sip, sign the check
Julio, get the stretch
Ride to Harlem, Hollywood, Jackson, Mississippi
If we show up, we gon' show out
Smoother than a fresh jar of Skippy

I'm too hot (Hot damn)
(Doh)
Call the police and the fireman
(Doh-doh-doh, doh-doh-doh, doh-doh)
I'm too hot (Hot damn)
(Doh-doh-doh, doh-doh-doh, doh-doh)
Make a dragon wanna retire, man
I'm too hot (Too hot, hot damn, hot damn)
(Doh-doh-doh, doh-doh-doh, doh-doh)
Bitch, say my name, you know who I am
I'm too hot (Hot damn)
(Doh-doh-doh, doh-doh, doh, doh)
Uh, and my band 'bout that money, break it down

Girls hit your hallelujah (Woo)
Girls hit your hallelujah (Woo)
Girls hit your hallelujah (Woo)
'Cause uptown funk gon' give it to you (Woo)
('Cause uptown funk gon' give it to you)
'Cause uptown funk gon' give it to you
Saturday night and we in the spot
Don't believe me, just watch, come on

Doh
Doh-doh-doh, doh-doh-doh, doh-doh (Ya)
(Doh-doh-doh, doh-doh-doh, doh-doh)
Don't believe me, just watch, uh
Doh-doh-doh, doh-doh-doh, doh-doh (Ya)
(Doh-doh-doh, doh-doh—)
Don't believe me, just watch, uh
Don't believe me, just watch, uh
Don't believe me, just watch
Don't believe me, just watch
Hey, hey, hey, oh

(Doh)
(Doh-doh-doh, doh-doh-doh, doh-doh)
Before we leave
(Doh-doh-doh, doh-doh-doh, doh-doh)
Lemme tell y'all a lil' something
Uptown funk you up, uptown funk you up
(Doh-doh-doh, doh-doh-doh, doh-doh)
Uptown funk you up, uptown funk you up, uh
(Doh-doh-doh, doh-doh-doh, doh-doh)
I said, uptown funk you up, uptown funk you up, uh
(Doh-doh-doh, doh-doh-doh, doh-doh)
Uptown funk you up, uptown funk you up, come on
(Doh-doh-doh, doh-doh, doh, doh)
Dance, jump on it
(Doh-doh-doh, doh-doh-doh, doh-doh)
If you sexy, then flaunt it
If you freaky, then own it
(Doh-doh-doh, doh-doh-doh, doh-doh)
Don't brag about it, come show me, come on
Dance, jump on it
(Doh-doh-doh, doh-doh-doh, doh-doh)
If you sexy, then flaunt it
Well, it's Saturday night and we in the spot
Don't believe me, just watch, come on

Doh
Doh-doh-doh, doh-doh-doh, doh-doh (Ya)
(Doh-doh-doh, doh-doh-doh, doh-doh)
Don't believe me, just watch, uh
Doh-doh-doh, doh-doh-doh, doh-doh (Ya)
(Doh-doh-doh, doh-doh—)
Don't believe me, just watch, uh
Don't believe me, just watch, uh
Don't believe me, just watch
Don't believe me, just watch
Hey, hey, hey, oh

Uptown funk you up (Woo, come on)
(Doh)
Uptown funk you up (Hey, say what?)
(Doh-doh-doh, doh-doh-doh, doh-doh)
Uptown funk you up (Hey)
(Doh-doh-doh, doh)
Uptown funk you up (Come on)
(Doh)
Uptown funk you up (Woo, come on)
(Doh-doh-doh, doh-doh-doh, doh-doh)
Uptown funk you up (Hey, say what?)
Uptown funk you up (Hey)
Uptown funk you up (Come on)
(Doh)
Uptown funk you up (Woo, come on)
(Doh-doh-doh, doh-doh-doh, doh-doh)
Uptown funk you up (Hey, say what?)
Uptown funk you up (Hey)
(Doh-doh-doh, doh)
Uptown funk you up (Come on)
(Doh)
Uptown funk you up (Ah)
(Doh-doh-doh, doh-doh-doh, doh-doh)
Uptown funk you up (Say what?)
Uptown funk you up
Aw, ow"
Shape Of You,Ed Sheeran,2017,2010s,"433 ContributorsTranslationsTürkçeEspañolPortuguêsΕλληνικάDeutschFrançaisItalianoالعربيةPolski한국어 (Korean)Русский (Russian)ČeskysrpskiShape of You LyricsEd Sheeran released “Shape of You” together with “Castle On The Hill.” The two songs were the first releases from his third album, ÷ (Divide), following in the mathematical footsteps of his +  (Plus) and x… Read More 
A club isn't the best place to find a lover
So the bar is where I go (Mm)
Me and my friends at the table doin' shots
Drinkin' fast and then we talk slow (Mm)
And you come over and start up a conversation with just me
And trust me, I'll give it a chance now (Mm)
Take my hand, stop, put Van the Man on the jukebox
And then we start to dance, and now I'm singin' like

Girl, you know I want your love
Your love was handmade for somebody like me
Well, come on now, follow my lead
I may be crazy, don't mind me
Say, ""Boy, let's not talk too much""
Grab on my waist and put that body on me
Well, come on now, follow my lead
Come, come on now, follow my lead, mm

I'm in love with the shape of you
We push and pull like a magnet do
Although my heart is fallin' too
I'm in love with your body
And last night, you were in my room
And now my bed sheets smell like you
Every day, discoverin' somethin' brand new
Well, I'm in love with your body

Oh, I, oh, I, oh, I, oh, I
Well, I'm in love with your body
Oh, I, oh, I, oh, I, oh, I
Well, I'm in love with your body
Oh, I, oh, I, oh, I, oh, I
Well, I'm in love with your body
Every day, discoverin' somethin' brand new
I'm in love with the shape of you

One week in, we let the story begin
We're goin' out on our first date (Mm)
You and me are thrifty, so go all-you-can-eat
Fill up your bag and I fill up a plate (Mm)
We talk for hours and hours about the sweet and the sour
And how your family is doin' okay (Mm)
And leave and get in a taxi, and kiss in the back seat
Tell the driver make the radio play and I'm singin' like

Girl, you know I want your love
Your love was handmade for somebody like me
Well, come on now, follow my lead
I may be crazy, don't mind me
Say, ""Boy, let's not talk too much""
Grab on my waist and put that body on me
Well, come on now, follow my lead
Come, come on now, follow my lead, mm

I'm in love with the shape of you
We push and pull like a magnet do
Although my heart is fallin' too
I'm in love with your body
And last night, you were in my room
And now my bed sheets smell like you
Every day, discoverin' somethin' brand new
Well, I'm in love with your body

Oh, I, oh, I, oh, I, oh, I
Well, I'm in love with your body
Oh, I, oh, I, oh, I, oh, I
Well, I'm in love with your body
Oh, I, oh, I, oh, I, oh, I
Well, I'm in love with your body
Every day, discoverin' somethin' brand new
I'm in love with the shape of you

Come on, be my baby, come on
Come on, be my baby, come on
Come on, be my baby, come on
Come on, be my baby, come on
Come on, be my baby, come on
Come on, be my baby, come on
Come on, be my baby, come on
Come on, be my baby, come on

I'm in love with the shape of you
We push and pull like a magnet do
Although my heart is fallin' too
I'm in love with your body
And last night, you were in my room
And now my bed sheets smell like you
Every day, discoverin' somethin' brand new
Well, I'm in love with your body

Come on, be my baby, come on
Come on, be my baby, come on
I'm in love with your body
Come on, be my baby, come on
Come on, be my baby, come on
I'm in love with your body
Come on, be my baby, come on
Come on, be my baby, come on
I'm in love with your body
Every day, discoverin' somethin' brand new
I'm in love with the shape of you"
Despacito,Luis Fonsi,2017,2010s,"181 ContributorsTranslations日本語 (Japanese)DeutschEnglishTürkçeShqip한국어 (Korean)Despacito Lyrics“Despacito” is a reggaeton song about the act of having sexual intercourse, moving slowly on the rhythm and dual attraction between the male and the female for who this song is written.

The track was… Read More 

Ay, ¡Fonsi! ¡DY!
Oh-oh, oh, no, oh, no, oh
¡Hey, yeah!
Diri-diri-diririri, Daddy, go!
Sí, sabes que ya llevo un rato mirándote
Tengo que bailar contigo hoy (¡DY!)
Vi que tu mirada ya estaba llamándome
Muéstrame el camino que yo voy (Oh)

Tú, tú eres el imán y yo soy el metal
Me voy acercando y voy armando el plan
Solo con pensarlo, se acelera el pulso (Oh, yeah)
Ya, ya me está gustando más de lo normal
Todos mis sentidos van pidiendo más
Esto hay que tomarlo sin ningún apuro

Despacito
Quiero respirar tu cuello despacito
Deja que te diga cosas al oído
Para que te acuerdes si no estás conmigo
Despacito
Quiero desnudarte a besos despacito
Firmar las paredes de tu laberinto
Y hacer de tu cuerpo todo un manuscrito
(Sube, sube, sube), ah (Sube, sube)

Quiero ver bailar tu pelo, quiero ser tu ritmo (Woah, woah)
Que le enseñes a mi boca (Woah, woah)
Tus lugares favoritos (Favorito', favorito', baby)
Déjame sobrepasar tus zonas de peligro (Eh; woah, woah)
Hasta provocar tus gritos (Woah, woah)
Y que olvides tu apellido (Rrr; DY)

Si te pido un beso, ven, dámelo, yo sé que estás pensándolo (Eh)
Llevo tiempo intentándolo (Eh), mami, esto es dando y dándolo
Sabes que tu corazón conmigo te hace bam-bam
Sabes que esa beba está buscando de mi bam-bam
Ven, prueba de mi boca para ver cómo te sabe (Eh-eh; ¡plo!)
Quiero, quiero, quiero ver cuánto amor a ti te cabe
Yo no tengo prisa, yo me quiero dar el viaje
Empezamos lento, después salvaje

Pasito a pasito, suave suavecito
Nos vamo' pegando, poquito a poquito
Cuando tú me besas con esa destreza
Veo que eres malicia con delicadeza
Pasito a pasito, suave suavecito
Nos vamo' pegando, poquito a poquito (Oh-oh)
Y es que esa belleza es un rompecabezas (No, no)
Pero pa' montarlo aquí tengo la pieza, oye (Yo, yo; ¡plo!)

Despacito
Quiero respirar tu cuello despacito (Yo)
Deja que te diga cosas al oído (Yo)
Para que te acuerdes si no estás conmigo (Plo, plo)
Despacito (¡Plo!)
Quiero desnudarte a besos despacito (Yeah-eh)
Firmar las paredes de tu laberinto
Y hacer de tu cuerpo todo un manuscrito
(Sube, sube, sube), ah (Sube, sube)

Quiero ver bailar tu pelo, quiero ser tu ritmo (Eh, woah, woah)
Que le enseñes a mi boca (Woah, woah)
Tus lugares favoritos (Favorito', favorito', baby)
Déjame sobrepasar tus zonas de peligro (Eh, woah, woah)
Hasta provocar tus gritos (Woah, woah)
Y que olvides tu apellido

Despacito
Vamo' a hacerlo en una playa en Puerto Rico
Hasta que las olas griten: ""¡Ay, bendito!""
Para que mi sello se quede contigo
(Báilalo)

Pasito a pasito, suave suavecito (Oh, yeah-yeah)
Nos vamos pegando, poquito a poquito (No, no; oh)
Que le enseñes a mi boca
Tus lugares favoritos
Favorito', favorito', baby (Ooh)
Pasito a pasito, suave suavecito
Nos vamos pegando, poquito a poquito
Hasta provocar tus gritos (Fonsi)
Y que olvides tu apellido (DY)
Despacito"
Old Town Road,Lil Nas X,2019,2010s,"305 ContributorsTranslationsEspañolРусский (Russian)فارسیDeutschOld Town Road LyricsOn “Old Town Road,” Lil Nas X romanticizes the life of a cowboy. The character is unfulfilled by a hedonistic life of consumerism, substance abuse, and adultery. He also has dissatisfaction with the indolence… Read More 
Yeah, I'm gonna take my horse to the old town road
I'm gonna ride 'til I can't no more
I'm gonna take my horse to the old town road
I'm gonna ride 'til I can't no more
(Kio, Kio)

I got the horses in the back
Horse tack is attached
Hat is matte black
Got the boots that's black to match
Ridin' on a horse, ha
You can whip your Porsche
I been in the valley
You ain't been up off that porch, now

Can't nobody tell me nothin'
You can't tell me nothin'
Can't nobody tell me nothin'
You can't tell me nothin'

Ridin' on a tractor
Lean all in my bladder
Cheated on my baby
You can go and ask her
My life is a movie
Bull ridin' and boobies
Cowboy hat from Gucci
Wrangler on my booty

Can't nobody tell me nothin'
You can't tell me nothin'
Can't nobody tell me nothin'
You can't tell me nothin'

Yeah, I'm gonna take my horse to the old town road
I'm gonna ride 'til I can't no more
I'm gonna take my horse to the old town road
I'm gonna ride 'til I can't no more
I got the hor-"
Closer,The Chainsmokers,2016,2010s,"254 ContributorsTranslationsPortuguêsDeutschFrançaisفارسیNederlandsItalianoČeskyTürkçeCloser Lyrics“Closer” is a millennial romance anthem that celebrates youth and heartbreak. It features vocals from singer-songwriter Halsey and Chainsmokers member Andrew Taggart, marking the first time the Chainsmokers… Read More 
Hey, I was doing just fine before I met you
I drink too much and that's an issue, but I'm okay
Hey, you tell your friends it was nice to meet them
But I hope I never see them again

I know it breaks your heart
Moved to the city in a broke-down car
And four years, no calls
Now you're lookin' pretty in a hotel bar
And I-I-I can't stop
No, I-I-I can't stop

So, baby, pull me closer
In the backseat of your Rover
That I know you can't afford
Bite that tattoo on your shoulder
Pull the sheets right off the corner
Of the mattress that you stole
From your roommate back in Boulder
We ain't ever gettin' older

We ain't ever gettin' older
We ain't ever gettin' older

You look as good as the day I met you
I forget just why I left you, I was insane
Stay and play that blink-182 song
That we beat to death in Tucson, okay

I know it breaks your heart
Moved to the city in a broke-down car
And four years, no call
Now I'm lookin' pretty in a hotel bar
And I-I-I can't stop
No, I-I-I can't stop

So, baby, pull me closer
In the backseat of your Rover
That I know you can't afford
Bite that tattoo on your shoulder
Pull the sheets right off the corner
Of the mattress that you stole
From your roommate back in Boulder
We ain't ever gettin' older

We ain't ever gettin' older
We ain't ever gettin' older

So, baby, pull me closer
In the backseat of your Rover
That I know you can't afford
Bite that tattoo on your shoulder
Pull the sheets right off the corner
Of the mattress that you stole
From your roommate back in Boulder
We ain't ever gettin' older

We ain't ever gettin' older
No, we ain't ever gettin' older
We ain't ever gettin' older
No, we ain't ever gettin' older
We ain't ever gettin' older
We ain't ever gettin' older
We ain't ever gettin' older
No, we ain't ever gettin' older

Older
We ain't ever gettin' older
Older
No, we ain't ever gettin' older"
Bad Guy,Billie Eilish,2019,2010s,"364 ContributorsTranslationssrpskiTürkçeSvenskaEspañolРусский (Russian)RomânăPortuguêsPolskiItalianoעברית (Hebrew)DeutschFrançaisفارسیNederlandsDansk繁體中文 (Traditional Chinese)Ελληνικάالعربيةไทย (Thai)MagyarbosanskiČeskybad guy Lyrics“bad guy” is a playful, bass-heavy track that sees Eilish taunting her lover, flaunting her tough nature while questioning his own.

It was first proven to exist after Eilish teased a snippet of the track on… Read More 
White shirt now red, my bloody nose
Sleepin', you're on your tippy toes
Creepin' around like no one knows
Think you're so criminal
Bruises on both my knees for you
Don't say thank you or please
I do what I want when I'm wanting to
My soul? So cynical

So you're a tough guy
Like it really rough guy
Just can't get enough guy
Chest always so puffed guy
I'm that bad type
Make your mama sad type
Make your girlfriend mad tight
Might seduce your dad type
I'm the bad guy
Duh

I'm the bad guy

I like it when you take control
Even if you know that you don't
Own me, I'll let you play the role
I'll be your animal
My mommy likes to sing along with me
But she won't sing this song
If she reads all the lyrics
She'll pity the men I know

So you're a tough guy
Like it really rough guy
Just can't get enough guy
Chest always so puffed guy
I'm that bad type
Make your mama sad type
Make your girlfriend mad tight
Might seduce your dad type
I'm the bad guy
Duh

I'm the bad guy, duh
I'm only good at bein' bad, bad

I like when you get mad
I guess I'm pretty glad that you're alone
You said she's scared of me?
I mean, I don't see what she sees
But maybe it's 'cause I'm wearing your cologne

I'm a bad guy
I'm, I'm a bad guy
Bad guy, bad guy
I'm a bad"
Blank Space,Taylor Swift,2014,2010s,"254 ContributorsTranslationsDeutschУкраїнськаالعربيةTürkçeEspañolPortuguêsPolskiΕλληνικάFrançaissrpskiČeskyBlank Space LyricsTaylor Swift plays her “serial dater” image to her advantage with “Blank Space,” a synth-pop anthem that the RIAA certified 8x platinum in July 2018. Swift explained to GQ in October 2015 that she wrote the… Read More 
Nice to meet you, where you been?
I could show you incredible things
Magic, madness, heaven, sin
Saw you there and I thought
""Oh, my God, look at that face
You look like my next mistake
Love's a game, wanna play?"" Ayy
New money, suit and tie
I can read you like a magazine
Ain't it funny? Rumors fly
And I know you heard about me
So, hey, let's be friends
I'm dying to see how this one ends
Grab your passport and my hand
I can make the bad guys good for a weekend

So it's gonna be forever
Or it's gonna go down in flames?
You can tell me when it's over, mm
If the high was worth the pain
Got a long list of ex-lovers
They'll tell you I'm insane
'Cause you know I love the players
And you love the game
'Cause we're young and we're reckless
We'll take this way too far
It'll leave you breathless, mm
Or with a nasty scar
Got a long list of ex-lovers
They'll tell you I'm insane
But I've got a blank space, baby
And I'll write your name

Cherry lips, crystal skies
I could show you incredible things
Stolen kisses, pretty lies
You're the king, baby, I'm your queen
Find out what you want
Be that girl for a month
Wait, the worst is yet to come, oh, no
Screaming, crying, perfect storms
I can make all the tables turn
Rose garden filled with thorns
Keep you second guessing, like
""Oh, my God, who is she?""
I get drunk on jealousy
But you'll come back each time you leave
'Cause, darling, I'm a nightmare dressed like a daydream

So it's gonna be forever
Or it's gonna go down in flames?
You can tell me when it's over, mm
If the high was worth the pain
Got a long list of ex-lovers
They'll tell you I'm insane
'Cause you know I love the players
And you love the game
'Cause we're young and we're reckless (Oh)
We'll take this way too far
It'll leave you breathless (Oh-oh), mm
Or with a nasty scar
Got a long list of ex-lovers
They'll tell you I'm insane (Insane)
But I've got a blank space, baby
And I'll write your name

Boys only want love if it's torture
Don't say I didn't, say I didn't warn ya
Boys only want love if it's torture
Don't say I didn't, say I didn't warn ya

So it's gonna be forever
Or it's gonna go down in flames?
You can tell me when it's over (Over), mm
If the high was worth the pain
Got a long list of ex-lovers
They'll tell you I'm insane (I'm insane)
'Cause you know I love the players
And you love the game (And you love the game)
'Cause we're young and we're reckless (Yeah)
We'll take this way too far (Ooh)
It'll leave you breathless, mm
Or with a nasty scar (With a nasty scar)
Got a long list of ex-lovers
They'll tell you I'm insane
But I've got a blank space, baby
And I'll write your name"
Shake It Off,Taylor Swift,2014,2010s,"126 ContributorsTranslationsEspañolPortuguêsFrançaisΕλληνικάTürkçeMagyarDeutschРусский (Russian)srpskiČeskyPolskiShake It Off Lyrics“Shake It Off” is an upbeat track that encourages listeners to let go of small problems. It spent four weeks at #1 on the Billboard Hot 100 song chart, staying on the chart for a consecutive fifty weeks, as… Read More 
I stay out too late
Got nothin' in my brain
That's what people say, mm-mm
That's what people say, mm-mm
I go on too many dates (Haha)
But I can't make them stay
At least, that's what people say, mm-mm
That's what people say, mm-mm

But I keep cruisin'
Can't stop, won't stop movin'
It's like I got this music in my mind
Sayin', ""It's gonna be alright""

'Cause the players gonna play, play, play, play, play
And the haters gonna hate, hate, hate, hate, hate
Baby, I'm just gonna shake, shake, shake, shake, shake
I shake it off, I shake it off
Heartbreakers gonna break, break, break, break, break
And the fakers gonna fake, fake, fake, fake, fake
Baby, I'm just gonna shake, shake, shake, shake, shake
I shake it off, I shake it off

I never miss a beat
I'm lightnin' on my feet
And that's what they don't see, mm-mm
That's what they don't see, mm-mm
I'm dancin' on my own (Dancin' on my own)
I make the moves up as I go (Moves up as I go)
And that's what they don't know, mm-mm
That's what they don't know, mm-mm

But I keep cruisin'
Can't stop, won't stop groovin'
It's like I got this music in my mind
Sayin', ""It's gonna be alright""

'Cause the players gonna play, play, play, play, play
And the haters gonna hate, hate, hate, hate, hate
Baby, I'm just gonna shake, shake, shake, shake, shake
I shake it off, I shake it off
Heartbreakers gonna break, break, break, break, break
And the fakers gonna fake, fake, fake, fake, fake
Baby, I'm just gonna shake, shake, shake, shake, shake
I shake it off, I shake it off

I shake it off, I shake it off
I, I, I shake it off, I shake it off
I, I, I shake it off, I shake it off
I, I, I shake it off, I shake it off

Hey, hey, hey
Just think, while you've been gettin' down and out about the liars
And the dirty, dirty cheats of the world
You could've been gettin' down
To this sick beat

My ex-man brought his new girlfriend
She's like, ""Oh my God,"" but I'm just gonna shake
And to the fella over there with the hella good hair
Won't you come on over, baby? We can shake, shake, shake
Yeah, oh-oh, oh

'Cause the players gonna play, play, play, play, play
And the haters gonna hate, hate, hate, hate, hate (Haters gonna hate)
Baby, I'm just gonna shake, shake, shake, shake, shake
I shake it off, I shake it off (Ha)
Heartbreakers gonna break, break, break, break, break (Mmm)
And the fakers gonna fake, fake, fake, fake, fake (They fake and fake and fake)
Baby, I'm just gonna shake, shake, shake, shake, shake
I shake it off, I shake it off (I, I)

I shake it off, I shake it off
I, I, I shake it off, I shake it off
I, I, I shake it off, I shake it off
I, I, I shake it off (Yeah), I shake it off
I shake it off, I shake it off
I, I, I shake it off, I shake it off (You got to)
I, I, I shake it off, I shake it off
I, I, I shake it off, I shake it off"
Thinking Out Loud,Ed Sheeran,2014,2010s,"206 ContributorsTranslationsTürkçeEspañolPortuguêsItalianoΕλληνικάFrançaisDeutschPolskisrpskiThinking Out Loud Lyrics“Thinking Out Loud” is Sheeran’s smash hit about lifelong love. Though he was just 23 when he wrote it, he imagines the love lasting well into his later years.

The message resonated with fans, and it… Read More 
When your legs don't work like they used to before
And I can't sweep you off of your feet
Will your mouth still remember the taste of my love?
Will your eyes still smile from your cheeks?
And darlin', I will be lovin' you till we're seventy
And baby, my heart could still fall as hard at twenty-three

And I'm thinkin' 'bout how
People fall in love in mysterious ways
Maybe just the touch of a hand
Well, me, I fall in love with you every single day
And I just wanna tell you I am

So honey, now, take me into your lovin' arms
Kiss me under the light of a thousand stars
And place your head on my beatin' heart, I'm thinkin' out loud
Maybe we found love right where we are

When my hair's all but gone and my memory fades
And the crowds don't remember my name
When my hands don't play the strings the same way, mmm
I know you will still love me the same
'Cause, honey, your soul could never grow old, it's evergreen
And baby, your smile's forever in my mind and memory

I'm thinkin' 'bout how
People fall in love in mysterious ways
And maybe it's all part of a plan
Oh, I'll just keep on makin' the same mistakes
Hoping that you'll understand

That, baby, now, take me into your lovin' arms
Kiss me under the light of a thousand stars
Place your head on my beatin' heart, I'm thinkin' out loud
And maybe we found love right where we are, oh-oh

Lo-lo-lo, lo-lo-lo
Lo-lo-lo, lo-lo-lo, love

So baby, now, take me into your lovin' arms
And kiss me under the light of a thousand stars, oh, darlin'
Place your head on my beatin' heart, I'm thinkin' out loud
That maybe we found love right where we are
Oh, maybe we found love right where we are
And we found love right where we are"
Royals,Lorde,2013,2010s,"239 ContributorsTranslationsItalianoPortuguêsEspañolFrançaisDeutschУкраїнськаTürkçePolskiRoyals LyricsRoyals is the lead single off Lorde’s 2012 breakout EP The Love Club. It debuted at #1 in New Zealand, and eventually topped the Billboard Hot 100, outranking Katy Perry’s “Roar” and Miley Cyrus’s “Wrecking… Read More 
I've never seen a diamond in the flesh
I cut my teeth on wedding rings in the movies
And I'm not proud of my address
In a torn-up town, no postcode envy

But every song's like
Gold teeth, Grey Goose, trippin' in the bathroom
Bloodstains, ball gowns, trashin' the hotel room
We don't care, we're driving Cadillacs in our dreams
But everybody's like
Cristal, Maybach, diamonds on your timepiece
Jet planes, islands, tigers on a gold leash
We don't care, we aren't caught up in your love affair

And we'll never be royals (Royals)
It don't run in our blood
That kind of luxe just ain't for us
We crave a different kind of buzz
Let me be your ruler (Ruler)
You can call me queen bee
And baby, I'll rule (I'll rule, I'll rule, I'll rule)
Let me live that fantasy

My friends and I, we've cracked the code
We count our dollars on the train to the party
And everyone who knows us knows
That we're fine with this, we didn't come from money

But every song's like
Gold teeth, Grey Goose, trippin' in the bathroom
Bloodstains, ball gowns, trashin' the hotel room
We don't care, we're driving Cadillacs in our dreams
But everybody's like
Cristal, Maybach, diamonds on your timepiece
Jet planes, islands, tiger's on a gold leash
We don't care, we aren't caught up in your love affair

And we'll never be royals (Royals)
It don't run in our blood
That kind of luxe just ain't for us
We crave a different kind of buzz
Let me be your ruler (Ruler)
You can call me queen bee
And baby, I'll rule (I'll rule, I'll rule, I'll rule)
Let me live that fantasy

(Oh, oh-oh)
We're bigger than we ever dreamed
And I'm in love with being queen
(Oh, oh-oh)
Life is great without a care
We aren't caught up in your love affair

And we'll never be royals (Royals)
It don't run in our blood
That kind of luxe just ain't for us
We crave a different kind of buzz
Let me be your ruler (Ruler)
You can call me queen bee
And baby, I'll rule (I'll rule, I'll rule, I'll rule)
Let me live that fantasy"
Wrecking Ball,Miley Cyrus,2013,2010s,"181 ContributorsTranslationsTürkçePortuguêsالعربيةPolskiDeutschWrecking Ball Lyrics“Wrecking Ball” is the second single off of Miley’s fourth studio album Bangerz. The song is a pop ballad produced by Dr. Luke, who first came to fame in 2004 when he produced Kelly Clarkson’s “Since U Been… Read More 
We clawed, we chained our hearts in vain
We jumped, never asking why
We kissed, I fell under your spell
A love no one could deny

Don't you ever say I just walked away
I will always want you
I can't live a lie, running for my life
I will always want you

I came in like a wrecking ball
I never hit so hard in love
All I wanted was to break your walls
All you ever did was wreck me
Yeah, you, you wreck me

I put you high up in the sky
And now, you're not coming down
It slowly turned, you let me burn
And now, we're ashes on the ground

Don't you ever say I just walked away
I will always want you
I can't live a lie, running for my life
I will always want you

I came in like a wrecking ball
I never hit so hard in love
All I wanted was to break your walls
All you ever did was wreck me
I came in like a wrecking ball
Yeah, I just closed my eyes and swung
Left me crashing in a blazing fall
All you ever did was wreck me
Yeah, you, you wreck me

I never meant to start a war
I just wanted you to let me in
And instead of using force
I guess I should've let you win
I never meant to start a war
I just wanted you to let me in
I guess I should've let you win

Don't you ever say I just walked away
I will always want you

I came in like a wrecking ball
I never hit so hard in love
All I wanted was to break your walls
All you ever did was wreck me
I came in like a wrecking ball
Yeah, I just closed my eyes and swung
Left me crashing in a blazing fall
All you ever did was wreck me
Yeah, you, you wreck me

Yeah, you, you wreck me"
Lean On,Major Lazer,2015,2010s,"112 ContributorsTranslationsPortuguêsFrançaisΕλληνικάРусский (Russian)ČeskyTürkçeDeutschहिन्दी (Hindi)Lean On Lyrics“Lean On” is the lead single from and fourth song on Major Lazer’s third studio album. Peace Is the Mission. The track features MØ on vocals, and DJ Snake on co-production.

It’s an Indian-influenced reggae… Read More 

Do you recall, not long ago
We would walk on the sidewalk?
Innocent, remember?
All we did was care for each other
But the night was warm
We were bold and young
All around, the wind blows
We would only hold on to let go

Blow a kiss, fire a gun
We need someone to lean on
Blow a kiss, fire a gun
All we need is somebody to lean on
Blow a kiss, fire a gun
We need someone to lean on
Blow a kiss, fire a gun
A-a-all we need is somebody to lean on

(Hey, hey, hey, hey)
(Hey, hey, hey, hey)

What will we do when we get old?
Will we walk down the same road?
Will you be there by my side?
Standin' strong as the waves roll over
When the nights are long
Longing for you to come home
All around, the wind blows
We would only hold on to let go

Blow a kiss, fire a gun
We need someone to lean on
Blow a kiss, fire a gun
All we need is somebody to lean on (Hey)
Blow a kiss, fire a gun
We need someone to lean on
Blow a kiss, fire a gun
A-a-all we need is somebody to lean on

All we need is somebody to lean on
(We need someone to lean on, hey)
(Hey, hey)
A-a-all we need is somebody to lean on
(Major Lazer, hey)

Oh, oh-oh
(Hey, hey, hey, hey)
(Hey, hey, hey, hey, hey)

Blow a kiss, fire a gun (Hey, hey)
We need someone to lean on (Hey, hey)
Blow a kiss, fire a gun (Hey, hey)
All we need is somebody to lean on (Hey, hey)
Blow a kiss, fire a gun (Hey, hey)
We need someone to lean on (Hey, hey)
Blow a kiss, fire a gun (Hey, hey)
A-a-all we need is somebody to lean on (Hey, hey)"
Sorry,Justin Bieber,2015,2010s,"212 ContributorsTranslationsEspañolPortuguêsFrançaisDeutschالعربيةČeskyPolskiTürkçeSorry LyricsCapping off a year filled with public apologies, “Sorry” is an upbeat anthem about asking for forgiveness.

On its surface, the second single from Purpose seems to be an apology to a woman for making mistakes… Read More 

You gotta go and get angry at all of my honesty
You know I try, but I don't do too well with apologies
I hope I don't run out of time, could someone call a referee?
'Cause I just need one more shot at forgiveness
I know you know that I made those mistakes maybe once or twice
And by once or twice, I mean maybe a couple of hundred times
So let me, oh, let me redeem, oh, redeem, oh, myself tonight
'Cause I just need one more shot at second chances

Yeah, is it too late now to say sorry?
'Cause I'm missing more than just your body
Oh, is it too late now to say sorry?
Yeah, I know that I let you down
Is it too late to say I'm sorry now?

I'm sorry, yeah
Sorry, yeah
Sorry
Yeah, I know that I let you down
Is it too late to say I'm sorry now?

I'll take every single piece of the blame if you want me to
But you know that there is no innocent one in this game for two
I'll go, I'll go and then you go, you go out and spill the truth
Can we both say the words and forget this?

Yeah, is it too late now to say sorry?
'Cause I'm missing more than just your body
Oh, is it too late now to say sorry?
Yeah, I know that I let you down
Is it too late to say I'm sorry now?
I'm not just tryna get you back on me (Oh, no, no)
'Cause I'm missing more than just your body (Your body)
Oh, is it too late now to say sorry?
Yeah, I know that I let you down
Is it too late to say I'm sorry now?

I'm sorry, yeah
Sorry, oh
Sorry
Yeah, I know that I let you down (I know I let you down)
Is it too late to say I'm sorry now?
I'm sorry, yeah
Sorry, oh
Sorry
Yeah, I know that I let you down (I know I let you down)
Is it too late to say I'm sorry now?"
Havana,Camila Cabello,2017,2010s,"262 ContributorsTranslationsPortuguêsDeutschFrançaisItalianoEspañolHavana Lyrics“Havana” is about Camila falling in love “with this bad boy from Havana.” It is also an ode to her hometown. Camila was born in Cojímar, award – or consejo popular – that belongs to the municipality of La… Read More 
Hey

Havana, ooh, na-na (Hey)
Half of my heart is in Havana, ooh na-na (Hey, hey)
He took me back to East Atlanta, na-na-na, ah
Oh, but my heart is in Havana (Hey)
There's somethin' 'bout his manners (Uh-huh)
Havana, ooh, na-na (Uh)

He didn't walk up with that ""how you doin'?"" (Uh)
When he came in the room
He said there's a lot of girls I can do with (Uh)
But I can't without you
I knew him forever in a minute (Hey)
That summer night in June
And papa says he got malo in him (Uh)

He got me feelin' like, ""Ooh, ooh, ooh-ooh"" (Ayy)
I knew it when I met him (Ayy), I loved him when I left him
Got me feelin' like, ""Ooh, ooh, ooh-ooh""
And then I had to tell him, I had to go
Oh, na-na-na-na-na (Woo)

Havana, ooh, na-na (Hey, hey)
Half of my heart is in Havana, ooh na-na (Hey, hey, uh-huh)
He took me back to East Atlanta, na-na-na
Oh, but my heart is in Havana (Huh)
My heart is in Havana (Hey)
Havana, ooh, na-na

(Jeffery) Just graduated, fresh on campus, hm
Fresh out East Atlanta with no manners, damn
Fresh out East Atlanta
(Bump, bump) Bump on her bumper like a traffic jam
Hey, I was quick to pay that girl like Uncle Sam (Here you go, ayy)
Back it on me (Back it up)
Shawty cravin' on me, get to eatin' on me (On me)
She waited on me (And what?)
Shawty cakin' on me, got the bacon on me (Wait up)
This is history in the makin', homie (Homie)
Point blank, close range, that B (Tah, tah)
If it cost a million, that's me (That's me)
I was gettin' mula, baby

Havana, ooh, na-na (Hey, hey)
Half of my heart is in Havana, ooh, na-na (Hey, hey; oh, oh)
He took me back to East Atlanta (Uh-huh), na-na-na (Oh no)
Oh, but my heart is in Havana (Huh)
My heart is in Havana (Ayy)
Havana, ooh, na-na

Ooh, na-na, oh, na-na-na (Ooh, ooh, ooh-ooh)
Take me back, back, back, like (Yeah, babe)
Ooh, na-na, oh, na-na-na
Take me back, back, back, like (Yeah, yeah)
Ooh, na-na, oh, na-na-na
Take me back, back, back like (Yeah, babe)
Ooh, na-na, oh, na-na-na
Take me back, back, back (Ah)
Ayy, ayy
Ooh, ooh, ooh-ooh (Ayy)
Ooh, ooh, ooh-ooh (Ayy)
Take me back to my Havana

Havana, ooh, na-na
Half of my heart is in Havana, ooh, na-na (Oh, yeah)
He took me back to East Atlanta, na-na-na (Hey, hey)
Oh, but my heart is in Havana
My heart is in Havana (Hey)
Havana, ooh, na-na (Uh-huh)

Oh, na-na-na (Oh, na, yeah)
Oh, na-na-na
Oh, na-na-na (No, no, no, take me back)
Oh, na-na-na
Havana, ooh, na-na"
God's Plan,Drake,2018,2010s,"687 ContributorsTranslationsРусский (Russian)TürkçeEspañolPolskiItalianoDeutschFrançaisazərbaycanעברית (Hebrew)God’s Plan Lyrics“God’s Plan” is a feel-good track that discusses Drake’s future. Being who he is in the industry, he knows that people want him to fail; however, God won’t let him do that.

Another key subject of the song is… Read More 
And they wishin' and wishin'
And wishin' and wishin', they wishin' on me
Yeah

I been movin' calm, don't start no trouble with me
Tryna keep it peaceful is a struggle for me
Don't pull up at 6 a.m. to cuddle with me
You know how I like it when you lovin' on me
I don't wanna die for them to miss me
Yes, I see the things that they wishin' on me
Hope I got some brothers that outlive me
They gon' tell the story, shit was different with me

God's plan, God's plan
I hold back, sometimes, I won't, yeah
I feel good, sometimes, I don't (Ayy, don't)
I finessed down Weston Road (Ayy, 'nessed)
Might go down a G-O-D (Yeah, wait)
I go hard on Southside G (Yeah, wait)
I make sure that north-side eat
And still

Bad things
It's a lot of bad things that they wishin' and wishin'
And wishin' and wishin', they wishin' on me
Bad things
It's a lot of bad things that they wishin' and wishin'
And wishin' and wishin', they wishin' on me
Yeah, ayy, ayy

She say, ""Do you love me?"" I tell her, ""Only partly
I only love my bed and my mama, I'm sorry""
Fifty Dub, I even got it tatted on me
Eighty-one, they'll bring the crashers to the party
And you know me
Turn the O2 into the O3, dog
Without 40, Oli, there'd be no me
'Magine if I never met the broskies

God's plan, God's plan
I can't do this on my own, ayy (No, ayy)
Someone watchin' this shit close (Yep, close)
I've been me since Scarlett Road, ayy (Road, ayy)
Might go down as G-O-D (Yeah, wait, yeah)
I go hard on Southside G (Ayy, wait, ayy)
I make sure that north-side eat, yeah
And still

Bad things
It's a lot of bad things that they wishin' and wishin'
And wishin' and wishin', they wishin' on me
Yeah, yeah
Bad things
It's a lot of bad things that they wishin' and wishin'
And wishin' and wishin', they wishin' on me
Yeah"
Thank U Next,Ariana Grande,2018,2010s,"418 ContributorsTranslationsTürkçeSvenskaEspañolРусский (Russian)PortuguêsPolski한국어 (Korean)DeutschFrançaisNederlandsItalianoKurdîไทย (Thai)فارسیthank u, next LyricsOn the lead single and titular track to her fifth studio album, thank u, next, Ariana Grande discusses themes of self-love, growth, and empowerment after a breakup. She also references her most public… Read More 
Thought I'd end up with Sean
But he wasn't a match
Wrote some songs about Ricky
Now I listen and laugh
Even almost got married
And for Pete, I'm so thankful
Wish I could say, ""Thank you"" to Malcolm
'Cause he was an angel

One taught me love
One taught me patience
And one taught me pain
Now, I'm so amazin'
Say I've loved and I've lost
But that's not what I see
So, look what I got
Look what you taught me
And for that, I say

Thank you, next (Next)
Thank you, next (Next)
Thank you, next
I'm so fuckin' grateful for my ex
Thank you, next (Next)
Thank you, next (Next)
Thank you, next
I'm so fuckin'—

Spend more time with my friends
I ain't worried 'bout nothin'
Plus, I met someone else
We havin' better discussions
I know they say I move on too fast
But this one gon' last
'Cause her name is Ari
And I'm so good with that (So good with that)

She taught me love (Love)
She taught me patience (Patience)
How she handles pain (Pain)
That shit's amazin' (Yeah, she's amazin')
I've loved and I've lost (Yeah, yeah)
But that's not what I see (Yeah, yeah)
'Cause look what I've found (Yeah, yeah, I've found)
Ain't no need for searching, and for that, I say

Thank you, next (Thank you, next)
Thank you, next (Thank you, next)
Thank you, next (Thank you)
I'm so fuckin' grateful for my ex
Thank you, next (Thank you, next)
Thank you, next (Said thank you, next)
Thank you, next (Next)
I'm so fuckin' grateful for my ex

Thank you, next
Thank you, next
Thank you, next
I'm so fuckin'—

One day I'll walk down the aisle
Holdin' hands with my mama
I'll be thankin' my dad
'Cause she grew from the drama
Only wanna do it once, real bad
Gon' make that shit last
God forbid somethin' happens
Least this song is a smash (Song is a smash)

I've got so much love (Love)
Got so much patience (Patience)
I've learned from the pain (Pain)
And turned out amazin' (Turned out amazin')
Say I've loved and I've lost (Yeah, yeah)
But that's not what I see (Yeah, yeah)
'Cause look what I've found (Yeah, yeah)
Ain't no need for searching
And for that, I say

Thank you, next (Thank you, next)
Thank you, next (Thank you, next)
Thank you, next
I'm so fuckin' grateful for my ex
Thank you, next (Thank you, next)
Thank you, next (Said thank you, next)
Thank you, next (Next)
I'm so fuckin' grateful for my ex

Thank you, next
Thank you, next
Thank you, next
Yeah, yee
Thank you, next
Thank you, next
Thank you, next
Yeah, yee"
Shallow,Lady Gaga,2018,2010s,"273 ContributorsTranslationsEspañolNederlandsΕλληνικάFrançaisDeutschNorskPortuguêsBahasa IndonesiaItalianoShallow Lyrics“Shallow” is a song by Lady Gaga and Bradley Cooper from the 2018 movie A Star Is Born. It features on the film’s soundtrack. The track is about jumping headfirst into love and not looking back.

Gaga… Read More 
Tell me somethin', girl
Are you happy in this modern world?
Or do you need more?
Is there somethin' else you're searchin' for?

I'm fallin'
In all the good times, I find myself longin'
For change
And, in the bad times, I fear myself

Tell me something, boy
Aren't you tired tryna fill that void?
Or do you need more?
Ain't it hard keepin' it so hardcore?

I'm falling
In all the good times, I find myself longing
For change
And, in the bad times, I fear myself

I'm off the deep end, watch as I dive in
I'll never meet the ground
Crash through the surface where they can't hurt us
We're far from the shallow now

In the sha-ha, sha-hallow
In the sha-ha, sha-la-la-la-low
In the sha-ha, sha-hallow
We're far from the shallow now

Oh, ha, ah, ha
Oh-ah, ha

I'm off the deep end, watch as I dive in
I'll never meet the ground
Crash through the surface where they can't hurt us
We're far from the shallow now

In the sha-ha, shallow
In the sha-ha, sha-la-la-la-low
In the sha-ha, shallow
We're far from the shallow now"
Sunflower,Post Malone,2018,2010s,
Blinding Lights,The Weeknd,2019,2010s,"261 ContributorsTranslationsTürkçeSvenskaEspañolSlovenčinaРусский (Russian)PortuguêsPolskiNorsk日本語 (Japanese)Italianoעברית (Hebrew)DeutschFrançaisفارسیNederlandsDanskShqipالعربيةsrpskiBlinding Lights Lyrics“Blinding Lights” serves as the second single for The Weeknd’s fourth studio album, After Hours. It follows the record’s lead single, “Heartless,” which was released two days prior.

The track finds Abel in a… Read More 
Yeah

I've been tryna call
I've been on my own for long enough
Maybe you can show me how to love, maybe
I'm goin' through withdrawals
You don't even have to do too much
You can turn me on with just a touch, baby

I look around and
Sin City's cold and empty (Oh)
No one's around to judge me (Oh)
I can't see clearly when you're gone

I said, ooh, I'm blinded by the lights
No, I can't sleep until I feel your touch (Touch)
I said, ooh, I'm drowning in the night
Oh, when I'm like this, you're the one I trust
Hey, hey, hey

I'm running out of time
'Cause I can see the sun light up the sky
So I hit the road in overdrive, baby, oh

The city's cold and empty (Oh)
No one's around to judge me (Oh)
I can't see clearly when you're gone

And I said, ooh, I'm blinded by the lights
No, I can't sleep until I feel your touch (Touch)
I said, ooh, I'm drowning in the night
Oh, when I'm like this, you're the one I trust

I'm just coming back to let you know (Back to let you know)
I could never say it on the phone (Say it on the phone)
Will never let you go this time (Ooh)

I said, ooh, I'm blinded by the lights
No, I can't sleep until I feel your touch (Touch)
Hey, hey, hey

Hey, hey, hey

I said, ooh, I'm blinded by the lights
No, I can't sleep until I feel your touch"
Sicko Mode,Travis Scott,2018,2010s,"943 ContributorsTranslationsEspañolPortuguêsРусский (Russian)TürkçeFrançaisDeutschItalianoSICKO MODE Lyrics“SICKO MODE” refers to Travis and Drake’s work ethic, showing they’re a cut above the competition by going into “sicko” or “beast” mode.

“Sicko,” or “6icko” (the 6 referring to Drake’s hometown Toronto), is… Read More 

Astro, yeah

Sun is down, freezin' cold
That's how we already know, winter's here
My dog would probably do it for a Louis belt
That's just all he know, he don't know nothin' else
I tried to show 'em, yeah
I tried to show 'em, yeah, yeah
Yeah, yeah, yeah
Goin' on you with the pick and roll
Young La Flame, he in sicko mode

(Woo) Made this here with all the ice on in the booth
At the gate outside, when they pull up, they get me loose
Yeah, Jump Out boys, that's Nike boys, hoppin' out coupes
This shit way too big, when we pull up, give me the loot (Gimme the loot!)
Was off the Remy, had a Papoose
Had to hit my old town to duck the news
Two-four hour lockdown, we made no moves
Now it's 4 a.m. and I'm back up poppin' with the crew
I just landed in, Chase B mixes pop like Jamba Juice
Different colored chains, think my jeweler really sellin' fruits
And they chokin', man, know the crackers wish it was a noose

Some-some-some-someone said
To win the retreat, we all in too deep
Play-play-playin' for keeps, don't play us for weak (Someone said)
To win the retreat, we all in too deep
Play-play-playin' for keeps, don't play us for weak

Yeah, this shit way too formal, y'all know I don't follow suit
Stacey Dash, most of these girls ain't got a clue
All of these hoes I made off records I produced
I might take all my exes and put 'em all in a group
Hit my eses, I need the bootch
'Bout to turn this function to Bonnaroo
Told her, ""Hop in, you comin' too""
In the 305, bitches treat me like I'm Uncle Luke
(Don't stop, pop that pussy!)
Had to slop the top off, it's just a roof, uh
She said, ""Where we goin'?"" I said, ""The moon""
We ain't even make it to the room
She thought it was the ocean, it's just the pool
Now I got her open, it's just the Goose
Who put this shit together? I'm the glue

Someone said
Shorty FaceTimed me out the blue
Someone said
Play-playin' for keeps
Someone said, mother****, someone said
Don't play us for weak

Yeah
Astro, yeah, yeah
(Tay Keith, fuck these niggas up)
Ayy, ayy

She's in love with who I am
Back in high school, I used to bus it to the dance (Yeah)
Now I hit the FBO with duffels in my hands
I did half a Xan, thirteen hours 'til I land
Had me out like a light, ayy, yeah
Like a light, ayy, yeah

Like a light, ayy, slept through the flight, ayy
Knocked for the night, ayy
767, man, this shit got double bedroom, man
I still got scores to settle, man
I crept down the block (Down the block)
Made a right (Yeah, right)
Cut the lights (Yeah, what?), paid the price (Yeah)
Niggas think it's sweet (Nah, never), it's on sight (Yeah, what?)
Nothin' nice (Yeah), baguettes in my ice (Aw, man)
Jesus Christ (Yeah), checks over stripes (Yeah)
That's what I like (Yeah), that's what we like (Yeah)
Lost my respect, you not a threat
When I shoot my shot, that shit wetty like I'm Sheck (Bitch)
See the shots that I took (Ayy), wet like I'm Book (Ayy)
Wet like I'm Lizzie
I be spinnin' Valley, circle blocks 'til I'm dizzy (Yeah, what?)
Like where is he? (Yeah, what?)
No one seen him (Yeah, yeah)
I'm tryna clean 'em (Yeah)

She's in love with who I am
Back in high school, I used to bus it to the dance
Now I hit the FBO with duffels in my hands (Woo)
I did half a Xan, thirteen hours 'til I land
Had me out like a light (Like a light)
Like a light (Like a light)
Like a light (Like a light)
Like a light

Yeah, passed the dogs a celly
Sendin' texts, ain't sendin' kites, yeah
He said, ""Keep that on lock""
I say, ""You know this shit, it's stife,"" yeah
It's absolute, yeah (Yeah), I'm back, reboot (It's lit)
LaFerrari to Jamba Juice, yeah (Skrrt, skrrt)
We back on the road, they jumpin' off, no parachute, yeah
Shorty in the back
She said she workin' on her glutes, yeah (Oh my God)
Ain't by the book, yeah, this how it look, yeah
'Bout a check, yeah (Check), just check the foots, yeah
Pass this to my daughter, I'ma show her what it took (Yeah)
Baby mama cover Forbes, got these other bitches shook
Yeah"
7 Rings,Ariana Grande,2019,2010s,"493 ContributorsTranslationsTürkçeEspañolRomânăPortuguêsPolskiItalianoעברית (Hebrew)ΕλληνικάDeutschFrançaisNederlandsDanskفارسیالعربيةРусский (Russian)Českyไทย (Thai)7 rings Lyrics“7 rings,” which features Ariana boasting about money and many other luxuries, including diamonds and houses, is the second official single from Ariana Grande’s fifth studio album, thank u, next after Ariana… Read More 
Yeah, breakfast at Tiffany's and bottles of bubbles
Girls with tattoos who like getting in trouble
Lashes and diamonds, ATM machines
Buy myself all of my favorite things (Yeah)
Been through some bad shit, I should be a sad bitch
Who woulda thought it'd turn me to a savage?
Rather be tied up with calls and not strings
Write my own checks like I write what I sing, yeah (Yeah)

My wrist, stop watchin', my neck is flossy
Make big deposits, my gloss is poppin'
You like my hair? Gee, thanks, just bought it
I see it, I like it, I want it, I got it (Yeah)

I want it, I got it, I want it, I got it
I want it, I got it, I want it, I got it
You like my hair? Gee, thanks, just bought it
I see it, I like it, I want it, I got it (Yep)

Wearing a ring, but ain't gon' be no ""Mrs.""
Bought matching diamonds for six of my bitches
I'd rather spoil all my friends with my riches
Think retail therapy my new addiction
Whoever said money can't solve your problems
Must not have had enough money to solve 'em
They say, ""Which one?"" I say, ""Nah, I want all of 'em""
Happiness is the same price as red-bottoms

My smile is beamin' (Yeah), my skin is gleamin' (Is gleamin')
The way it shine, I know you've seen it (You've seen it)
I bought a crib just for (Just for) the closet (Closet)
Both his and hers, I want it, I got it, yeah

I want it, I got it, I want it, I got it
I want it, I got it, I want it, I got it (Baby)
You like my hair? Gee, thanks, just bought it (Oh yeah)
I see it, I like it, I want it, I got it (Yep)

Yeah, my receipts be lookin' like phone numbers
If it ain't money, then wrong number
Black card is my business card
The way it be settin' the tone for me
I don't mean to brag, but I be like, ""Put it in the bag,"" yeah
When you see them racks, they stacked up like my ass, yeah
Shoot, go from the store to the booth
Make it all back in one loop, gimme the loot
Never mind, I got the juice
Nothing but net when we shoot
Look at my neck, look at my jet
Ain't got enough money to pay me respect
Ain't no budget when I'm on the set
If I like it, then that's what I get, yeah

I want it, I got it, I want it, I got it (Oh yeah)
I want it, I got it, I want it, I got it (Oh yeah, yeah)
You like my hair? Gee, thanks, just bought it
I see it, I like it, I want it, I got it (I see, yep)"
Levitating,Dua Lipa,2020,2020s,"179 ContributorsTranslationsTürkçeEspañolفارسیDeutschFrançaisNederlandsPolskiČeskyItalianoPortuguês日本語 (Japanese)Levitating LyricsWith themes of space travel and excitement, “Levitating” is a joyful ode to the often-quick process of falling in love. Originally included on Dua Lipa’s 2020 album, Future Nostalgia, the song found new wind… Read More 
If you wanna run away with me, I know a galaxy
And I can take you for a ride
I had a premonition that we fell into a rhythm
Where the music don't stop for life
Glitter in the sky, glitter in my eyes
Shining just the way I like
If you're feeling like you need a little bit of company
You met me at the perfect time

You want me, I want you, baby
My sugarboo, I'm levitating
The Milky Way, we're renegading
Yeah, yeah, yeah, yeah, yeah

I got you, moonlight, you're my starlight
I need you all night, come on, dance with me
I'm levitating
You, moonlight, you're my starlight (You're the moonlight)
I need you all night, come on, dance with me
I'm levitating

I believe that you're for me, I feel it in our energy
I see us written in the stars
We can go wherever, so let's do it now or never
Baby, nothing's ever, ever too far
Glitter in the sky, glitter in our eyes
Shining just the way we are
I feel like we're forever every time we get together
But whatever, let's get lost on Mars

You want me, I want you, baby
My sugarboo, I'm levitating
The Milky Way, we're renegading
Yeah, yeah, yeah, yeah, yeah

I got you, moonlight, you're my starlight
I need you all night, come on, dance with me
I'm levitating
You, moonlight, you're my starlight (You're the moonlight)
I need you all night, come on, dance with me
I'm levitating

You can fly away with me tonight
You can fly away with me tonight
Baby, let me take you for a ride
Yeah, yeah, yeah, yeah, yeah
I'm levitating (Woo)
You can fly away with me tonight
You can fly away with me tonight
Baby, let me take you for a ride
Yeah, yeah, yeah, yeah, yeah (Woo)

My love is like a rocket, watch it blast off
And I'm feeling so electric, dance my ass off
And even if I wanted to, I can't stop
Yeah, yeah, yeah, yeah, yeah
My love is like a rocket, watch it blast off
And I'm feeling so electric, dance my ass off
And even if I wanted to, I can't stop
Yeah, yeah, yeah, yeah, yeah

You want me, I want you, baby
My sugarboo, I'm levitating
The Milky Way, we're renegading

I got you (Yeah), moonlight, you're my starlight
I need you all night (All night), come on, dance with me
I'm levitating (Woo)

You can fly away with me tonight (Tonight)
You can fly away with me tonight
Baby, let me take you for a ride
Yeah, yeah, yeah, yeah, yeah (Take you for a ride)
I'm levitating (Woo)
You can fly away with me tonight (Tonight)
You can fly away with me tonight
Baby, let me take you for a ride
Yeah, yeah, yeah, yeah, yeah (Let me take you for a ride)

I got you, moonlight, you're my starlight (You are my starlight)
I need you all night, come on, dance with me (Come on, dance with me)
I'm levitating
You, moonlight, you're my starlight (You're the moonlight)
I need you all night, come on, dance with me
I'm levitating"
Watermelon Sugar,Harry Styles,2020,2020s,"177 ContributorsTranslationsDeutschTürkçeEspañolPortuguêsPolskiNorskČeskyDanskItalianoSvenskaWatermelon Sugar LyricsIn “Watermelon Sugar”, Harry Styles recalls a summer past, singing of scrumptious berries and a former love. The song was released without warning to fans, less than an hour before he performed the track… Read More 
Tastes like strawberries on a summer evenin'
And it sounds just like a song
I want more berries and that summer feelin'
It's so wonderful and warm

Breathe me in, breathe me out
I don't know if I could ever go without
I'm just thinking out loud
I don't know if I could ever go without

Watermelon sugar high
Watermelon sugar high
Watermelon sugar high
Watermelon sugar high
Watermelon sugar

Strawberries on a summer evenin'
Baby, you're the end of June
I want your belly and that summer feelin'
Getting washed away in you

Breathe me in, breathe me out
I don't know if I could ever go without

Watermelon sugar high
Watermelon sugar high
Watermelon sugar high
Watermelon sugar high
Watermelon sugar high
Watermelon sugar high
Watermelon sugar high
Watermelon sugar high

I just wanna taste it, I just wanna taste it
Watermelon sugar high

Tastes like strawberries on a summer evenin'
And it sounds just like a song
I want your belly and that summer feelin'
I don't know if I could ever go without

Watermelon sugar high
Watermelon sugar high
Watermelon sugar high (Sugar)
Watermelon sugar high (Sugar)
Watermelon sugar high
Watermelon sugar high
Watermelon sugar high
Watermelon sugar high

I just wanna taste it, I just wanna taste it (Eh-eh-eh)
Watermelon sugar high
I just wanna taste it, I just wanna taste it (Ooh, yeah)
Watermelon sugar high
Watermelon sugar"
drivers license,Olivia Rodrigo,2021,2020s,"424 ContributorsTranslationsTürkçeEspañolРусский (Russian)PortuguêsPortuguêsNorsk日本語 (Japanese)ItalianoDeutschFrançaisفارسیDanskहिन्दी (Hindi)PolskiNederlandsالعربية繁體中文 (Traditional Chinese)MagyarsrpskiУкраїнськаČeskyБългарскиdrivers license Lyrics“drivers license” is Olivia Rodrigo’s debut single. It is a rumored love ode about moving on from her past relationship with Joshua Bassett, who supposedly started dating Sabrina Carpenter, by doing the one… Read More 
I got my driver's license last week
Just like we always talked about
'Cause you were so excited for me
To finally drive up to your house
But today, I drove through the suburbs
Crying 'cause you weren't around

And you're probably with that blonde girl
Who always made me doubt
She's so much older than me
She's everything I'm insecure about
Yeah, today, I drove through the suburbs
'Cause how could I ever love someone else?

And I know we weren't perfect, but I've never felt this way for no one
And I just can't imagine how you could be so okay now that I'm gone
Guess you didn't mean what you wrote in that song about me
'Cause you said forever, now I drive alone past your street

And all my friends are tired
Of hearing how much I miss you, but
I kinda feel sorry for them
'Cause they'll never know you the way that I do
Yeah, today, I drove through the suburbs
And pictured I was driving home to you

And I know we weren't perfect, but I've never felt this way for no one, oh
And I just can't imagine how you could be so okay now that I'm gone
I guess you didn't mean what you wrote in that song about me
'Cause you said forever, now I drive alone past your street

Red lights, stop signs
I still see your face in the white cars, front yards
Can't drive past the places we used to go to
'Cause I still fuckin' love you, babe (Ooh, ooh-ooh, ooh, ooh-ooh)
Sidewalks we crossed
I still hear your voice in the traffic, we're laughing
Over all the noise
God, I'm so blue, know we're through
But I still fuckin' love you, babe (Ooh, ooh-ooh, ooh, ooh-ooh)

I know we weren't perfect, but I've never felt this way for no one
And I just can't imagine how you could be so okay now that I'm gone
Guess you didn't mean what you wrote in that song about me
'Cause you said forever, now I drive alone past your street

Yeah, you said forever, now I drive alone past your street"
good 4 u,Olivia Rodrigo,2021,2020s,"291 ContributorsTranslationsEspañolTürkçeSvenskaPortuguêsPortuguês日本語 (Japanese)ItalianoMagyarDeutschFrançais繁體中文 (Traditional Chinese)العربيةNorskРусский (Russian)한국어 (Korean)srpskiPolskiNederlandsČeskyCatalàעברית (Hebrew)good 4 u Lyrics“good 4 u” is the third single from Olivia Rodrigo’s debut studio album, SOUR. The song’s hook is laced with sarcasm, as Olivia sharply addresses her former partner for quickly moving on from their… Read More 
(Ah)

Well, good for you, I guess you moved on really easily
You found a new girl and it only took a couple weeks
Remember when you said that you wanted to give me the world?
(World)
And good for you, I guess that you've been workin' on yourself
I guess that therapist I found for you, she really helped
Now you can be a better man for your brand-new girl (Girl)

Well, good for you
You look happy and healthy, not me
If you ever cared to ask
Good for you
You're doin' great out there without me, baby
God, I wish that I could do that
I've lost my mind, I've spent the night
Cryin' on the floor of my bathroom
But you're so unaffected, I really don't get it
But I guess good for you

Well, good for you, I guess you're gettin' everything you want (Ah)
You bought a new car and your career's really takin' off (Ah)
It's like we never even happened
Baby, what the fuck is up with that? (Ah)
And good for you, it's like you never even met me
Remember when you swore to God I was the only
Person who ever got you? Well, screw that, and screw you
You will never have to hurt the way you know that I do

Well, good for you
You look happy and healthy, not me
If you ever cared to ask
Good for you
You're doin' great out there without me, baby
God, I wish that I could do that
I've lost my mind, I've spent the night
Cryin' on the floor of my bathroom
But you're so unaffected, I really don't get it
But I guess good for you

(Ah-ah-ah-ah)
(Ah-ah-ah-ah)

Maybe I'm too emotional
But your apathy's like a wound in salt
Maybe I'm too emotional
Or maybe you never cared at all
Maybe I'm too emotional
Your apathy is like a wound in salt
Maybe I'm too emotional
Or maybe you never cared at all

Well, good for you
You look happy and healthy, not me
If you ever cared to ask
Good for you
You're doin' great out there without me, baby
Like a damn sociopath
I've lost my mind, I've spent the night
Cryin' on the floor of my bathroom
But you're so unaffected, I really don't get it
But I guess good for you

Well, good for you, I guess you moved on really easily"
Stay,The Kid Laroi,2021,2020s,"180 ContributorsTranslationsTürkçeEspañolPortuguêsItalianoDeutschFrançaisفارسیРусский (Russian)УкраїнськаSvenskaEspañolSTAY Lyrics“STAY” is a collaboration between The Kid LAROI and Justin Bieber which details LAROI’s wish for his lover’s forgiveness and Bieber’s admiration for his significant other.

The song was first previewed on… Read More 
I do the same thing I told you that I never would
I told you I'd change, even when I knew I never could
I know that I can’t find nobody else as good as you
I need you to stay, need you to stay, hey (Oh)

I get drunk, wake up, I'm wasted still
I realize the time that I wasted here
I feel like you can't feel the way I feel
Oh, I’ll be fucked up if you can't be right here

Oh, ooh-woah (Oh, ooh-woah, ooh-woah)
Oh, ooh-woah (Oh, ooh-woah, ooh-woah)
Oh, ooh-woah (Oh, ooh-woah, ooh-woah)
Oh, I'll be fucked up if you can't be right here

I do the same thing I told you that I never would
I told you I'd change, even when I knew I never could
I know that I can't find nobody else as good as you
I need you to stay, need you to stay, hey
I do the same thing I told you that I never would
I told you I'd change, even when I knew I never could
I know that I can't find nobody else as good as you
I need you to stay, need you to stay, hey

When I’m away from you, I miss your touch (Ooh)
You’re the reason I believe in love
It's been difficult for me to trust (Ooh)
And I’m afraid that I'ma fuck it up
Ain't no way that I can leave you stranded
'Cause you ain’t ever left me empty-handed
And you know that I know that I can't live without you
So, baby, stay

Oh, ooh-woah (Oh, ooh-woah, ooh-woah)
Oh, ooh-woah (Oh, ooh-woah, ooh-woah)
Oh, ooh-woah (Oh, ooh-woah, ooh-woah)
I'll be fucked up if you can't be right here

I do the same thing I told you that I never would
I told you I'd change, even when I knew I never could
I know that I can't find nobody else as good as you
I need you to stay, need you to stay, hey
I do the same thing I told you that I never would
I told you I'd change, even when I knew I never could
I know that I can't find nobody else as good as you
I need you to stay, need you to stay, hey

Woah-oh
I need you to stay, need you to stay, hey"
As It Was,Harry Styles,2022,2020s,"224 ContributorsTranslationsTürkçeEspañolPortuguês日本語 (Japanese)ItalianoΕλληνικάDeutschFrançaisFilipinoفارسیNederlandsShqipPolskiРусский (Russian)हिन्दी (Hindi)Česky한국어 (Korean)ไทย (Thai)MagyarУкраїнськаTiếng ViệtRomânăSlovenčinaAs It Was LyricsThe lead single from his third album Harry’s House, “As It Was” sees Styles singing in a somewhat sorrowful voice about his bittersweet feelings of loneliness and the past, masking it with synths and an… Read More 
Come on, Harry, we wanna say goodnight to you

Holdin' me back
Gravity's holdin' me back
I want you to hold out the palm of your hand
Why don't we leave it at that?
Nothin' to say
When everything gets in the way
Seems you cannot be replaced
And I'm the one who will stay, oh-oh-oh

In this world, it's just us
You know it's not the same as it was
In this world, it's just us
You know it's not the same as it was
As it was, as it was
You know it's not the same

Answer the phone
""Harry, you're no good alone
Why are you sitting at home on the floor?
What kind of pills are you on?""
Ringin' the bell
And nobody's coming to help
Your daddy lives by himself
He just wants to know that you're well, oh-oh-oh

In this world, it's just us
You know it's not the same as it was
In this world, it's just us
You know it's not the same as it was
As it was, as it was
You know it's not the same

Go home, get ahead, light-speed internet
I don't wanna talk about the way that it was
Leave America, two kids follow her
I don't wanna talk about who's doin' it first

(Hey)
As it was
You know it's not the same as it was
As it was, as it was"
Anti-Hero,Taylor Swift,2022,2020s,"220 ContributorsTranslationsPortuguêsEspañolTürkçeFrançais简体中文 (Simplified Chinese)NederlandsDeutschไทย (Thai)ItalianoSvenskaУкраїнськаsrpskiBahasa IndonesiaРусский (Russian)MagyarTiếng ViệtČeskySlovenščinaPortuguês한국어 (Korean)PolskiAnti-Hero LyricsDescribed by Taylor herself as “one of my favorite songs that I have ever written”, “Anti-Hero” is the scintillating lead single from Midnights, her tenth studio album. Largely serving as a parallel to 2019’s… Read More 
I have this thing where I get older, but just never wiser
Midnights become my afternoons
When my depression works the graveyard shift, all of the people
I've ghosted stand there in the room

I should not be left to my own devices
They come with prices and vices
I end up in crisis
(Tale as old as time)
I wake up screaming from dreaming
One day, I'll watch as you're leaving
'Cause you got tired of my scheming
(For the last time)

It's me, hi
I'm the problem, it's me
At teatime, everybody agrees
I'll stare directly at the sun, but never in the mirror
It must be exhausting always rooting for the anti-hero

Sometimes, I feel like everybody is a sexy baby
And I'm a monster on the hill
Too big to hang out, slowly lurching toward your favorite city
Pierced through the heart, but never killed

Did you hear my covert narcissism I disguise as altruism
Like some kind of congressman?
(A tale as old as time)
I wake up screaming from dreaming
One day, I'll watch as you're leaving
And life will lose all its meaning
(For the last time)

It's me, hi
I'm the problem, it's me (I'm the problem, it's me)
At teatime, everybody agrees
I'll stare directly at the sun, but never in the mirror
It must be exhausting always rooting for the anti-hero

I have this dream my daughter-in-law kills me for the money
She thinks I left them in the will
The family gathers 'round and reads it and then someone screams out
""She's laughing up at us from Hell""

It's me, hi
I'm the problem, it's me
It's me, hi
I'm the problem, it's me
It's me, hi
Everybody agrees, everybody agrees

It's me, hi (Hi)
I'm the problem, it's me (I'm the problem, it's me)
At teatime (Teatime), everybody agrees (Everybody agrees)
I'll stare directly at the sun, but never in the mirror
It must be exhausting always rooting for the anti-hero"
About Damn Time,Lizzo,2022,2020s,"88 ContributorsTranslationsTürkçeEspañolPortuguêsItalianoहिन्दी (Hindi)RomânăAbout Damn Time Lyrics“About Damn Time” is Lizzo’s first release in 2022, and the lead single for her senior studio album, Special. This song comes after her short hiatus from her previous collaborative single, “Rumors”, with… Read More 
Anyway

It's bad bitch o'clock, yeah, it's thick-thirty
I've been through a lot, but I'm still flirty (Okay)
Is everybody back up in the buildin'?
It's been a minute, tell me how you're healin'
'Cause I'm about to get into my feelings
How you feelin'? How you feel right now?

Oh, I been so down and under pressure
I'm way too fine to be this stressed, yeah
Oh, I'm not the girl I was or used to be, uh
Bitch, I might be better

Turn up the music, turn down the lights
I got a feelin' I'm gon' be alright
Okay (Okay), alright
It's about damn time (Time)
Turn up the music, let's celebrate (Alright)
I got a feelin' I'm gon' be okay
Okay (Okay), alright
It's about damn time

In a minute, I'ma need a sentimental
Man or woman to pump me up
Feelin' fussy, walkin' in my Balenci-ussies
Tryna bring out the fabulous
'Cause I give a fuck way too much
I'ma need like two shots in my cup
Wanna get up, wanna get down
Mm, that's how I feel right now

Oh, I been so down and under pressure
I'm way too fine to be this stressed, yeah
Oh, I'm not the girl I was or used to be, uh
Bitch, I might be better

Turn up the music, turn down the lights
I got a feelin' I'm gon' be alright
Okay (Okay), alright
It's about damn time (Time)
Turn up the music, let's celebrate (Alright)
I got a feelin' I'm gon' be okay
Okay (Okay), alright
It's about damn time

Bitch
'Cause, uh, you know what time it is, uh
I'm comin' out tonight, I'm comin' out tonight (Uh-huh)
I'm comin' out tonight, I'm comin' out tonight (Woo)
I'm comin' out tonight, I'm comin' out tonight
Okay (Okay), alright (Alright)
It's about damn time
I'm comin' out tonight (Let's go), I'm comin' out tonight (Comin' out tonight)
I'm comin' out tonight, I'm comin' out tonight (Woo)
I'm comin' out tonight, I'm comin' out tonight (Comin' out tonight)
Okay (Okay), alright
It's about damn time (Oh)

Bitch
Yeah, yeah
It's about damn time"
Heat Waves,Glass Animals,2022,2020s,"176 ContributorsTranslationsItalianoDeutschFrançaisTürkçeEspañolHeat Waves Lyrics“Heat Waves” is the fourth single from UK band Glass Animals' third studio album Dreamland. The song features a melancholy tone but maintains high energy through its instrumental, with Dave speaking on… Read More 
(Last night, all I think about is you)
(Don't stop, baby, you can walk through)
(Don't want, baby, think about you)
(You know that I'm never gonna lose)
Road shimmer wigglin' the vision
Heat, heat waves, I'm swimmin' in a mirror
Road shimmer wigglin' the vision
Heat, heat waves, I'm swimmin' in a—

Sometimes, all I think about is you
Late nights in the middle of June
Heat waves been fakin' me out
Can't make you happier now
Sometimes, all I think about is you
Late nights in the middle of June
Heat waves been fakin' me out
Can't make you happier now

Usually, I put somethin' on TV
So we never think about you and me
But today, I see our reflections clearly
In Hollywood, layin' on the screen
You just need a better life than this
You need somethin' I can never give
Fake water all across the road
It's gone now, the night has come, but

Sometimes, all I think about is you
Late nights in the middle of June
Heat waves been fakin' me out
Can't make you happier now

You can't fight it, you can't breathe
You say somethin' so lovin', but
Now I gotta let you go
You'll be better off in someone new
I don't wanna be alone
You know it hurts me too
You look so broken when you cry
One more and then I say goodbye

Sometimes, all I think about is you
Late nights in the middle of June
Heat waves been fakin' me out
Can't make you happier now
Sometimes, all I think about is you
Late nights in the middle of June
Heat waves been fakin' me out
Can't make you happier now

I just wonder what you're dreamin' of
When you sleep and smile so comfortable
I just wish that I could give you that
That look that's perfectly un-sad
Sometimes, all I think about is you
Late nights in the middle of June
Heat waves been fakin' me out
Heat waves been fakin' me out

Sometimes, all I think about is you
Late nights in the middle of June
Heat waves been fakin' me out
Can't make you happier now
Sometimes, all I think about is you
Late nights in the middle of June
Heat waves been fakin' me out
Can't make you happier now

Road shimmer wigglin' the vision
Heat, heat waves, I'm swimmin' in a mirror
Road shimmer wigglin' the vision
Heat, heat waves, I'm swimmin' in a mirror"
Flowers,Miley Cyrus,2023,2020s,"111 ContributorsTranslationsEspañolPortuguêsKiswahiliDeutschItalianosrpskiNederlandsSvenskaPolskiTürkçeΕλληνικάFrançaisDansk日本語 (Japanese)Русский (Russian)العربيةУкраїнськаBahasa IndonesiaفارسیČeskyFlowers Lyrics“Flowers” is the lead single from Miley Cyrus' eighth studio album Endless Summer Vacation. The song speaks about her past relationship with ex-husband Liam Hemsworth, releasing the track on his birthday… Read More 
We were good, we were gold
Kinda dream that can't be sold
We were right 'til we weren't
Built a home and watched it burn

Mm, I didn't wanna leave you, I didn't wanna lie
Started to cry, but then remembered I

I can buy myself flowers
Write my name in the sand
Talk to myself for hours
Say things you don't understand
I can take myself dancing
And I can hold my own hand
Yeah, I can love me better than you can

Can love me better, I can love me better, baby
Can love me better, I can love me better, baby

Paint my nails cherry-red
Match the roses that you left
No remorse, no regret
I forgive every word you said

Ooh, I didn't wanna leave you, baby, I didn't wanna fight
Started to cry, but then remembered I

I can buy myself flowers
Write my name in the sand
Talk to myself for hours, yeah
Say things you don't understand
I can take myself dancing, yeah
I can hold my own hand
Yeah, I can love me better than you can

Can love me better, I can love me better, baby
Can love me better, I can love me better, baby
Can love me better, I can love me better, baby
Can love me better, I (Ooh, I)

I didn't wanna leave you, I didn't wanna fight
Started to cry, but then remembered I

I can buy myself flowers (Uh-huh)
Write my name in the sand
Talk to myself for hours (Yeah)
Say things you don't understand (You never will)
I can take myself dancing, yeah
I can hold my own hand
Yeah, I can love me better than
Yeah, I can love me better than you can

Can love me better, I can love me better, baby (Uh)
Can love me better, I can love me better, baby (Than you can)
Can love me better, I can love me better, baby
Can love me better, I"
Kill Bill,SZA,2023,2020s,"171 ContributorsTranslationsEspañolPortuguêsItalianoTürkçeDeutschNederlands日本語 (Japanese)සිංහලΕλληνικάРусский (Russian)Bahasa IndonesiaFrançaisالعربيةSvenskaKill Bill Lyrics“Kill Bill” is the third single off of SZA’s sophomore full-length studio album, SOS. The harmonious murder ballad surrounds the topics of heartbreak and betrayal, resulting in SZA seeking revenge on her ex.
… Read More 
I'm still a fan even though I was salty
Hate to see you with some other broad, know you happy
Hate to see you happy if I'm not the one drivin'

I'm so mature, I'm so mature
I'm so mature, I got me a therapist to tell me there's other men
I don't want none, I just want you
If I can't have you, no one should

I might
I might kill my ex, not the best idea
His new girlfriend's next, how'd I get here?
I might kill my ex, I still love him though
Rather be in jail than alone

I get the sense that it's a lost cause
I get the sense that you might really love her
This text gon' be evidence, this text is evidence
I tried to ration with you, no murders or crime of passion, but damn
You was out of reach
You was at the farmer's market with your perfect peach
Now I'm in the basement plannin' home invasion
Now you layin' face-down, got me singin' over a beat

I'm so mature, I'm so mature
I'm so mature, I got me a therapist to tell me there's other men
I don't want none, I just want you
If I can't have you, no one will

I might (I)
I might kill my ex, not the best idea
His new girlfriend's next, how'd I get here?
I might kill my ex, I still love him though
Rather be in jail than alone

I did it all for love (Love)
I did it all on no drugs (Drugs)
I did all of this sober
I did it all for us, oh
I did it all for love (Love)
I did all of this on no drugs (Drugs)
I did all of this sober
Don't you know I did it all for us? (I'm gon' kill your ass tonight)

Oh, I just killed my ex (My ex, oops), not the best idea (Idea)
Killed his girlfriend next, how'd I get here? (He left me no choice)
I just killed my ex (My ex), I still love him though (I do)
Rather be in Hell than alone"
Vampire,Olivia Rodrigo,2023,2020s,"231 ContributorsTranslationsEspañolFrançaisDeutschPortuguêsShqip简体中文 (Simplified Chinese)日本語 (Japanese)ItalianoTürkçe한국어 (Korean)Русский (Russian)PolskiУкраїнськаالعربيةSvenskaBahasa Indonesiaעברית (Hebrew)فارسیNederlandsČeskyhrvatskiБеларускаяsrpskiCatalàvampire Lyrics“vampire” doubles as the lead single from Olivia Rodrigo’s sophomore album, GUTS, as well as her comeback single following the release of her debut album, SOUR, in 2021. A small number of lyrics for the track… Read More 
Hate to give the satisfaction asking how you're doing now
How's the castle built off people you pretend to care about?
Just what you wanted
Look at you, cool guy, you got it
I see the parties and the diamonds sometimes when I close my eyes
Six months of torture you sold as some forbidden paradise
I loved you truly
You gotta laugh at the stupidity

'Cause I've made some real big mistakes
But you make the worst one look fine
I should've known it was strange
You only come out at night
I used to think I was smart
But you made me look so naive
The way you sold me for parts
As you sunk your teeth into me, oh
Bloodsucker, fame fucker
Bleedin' me dry like a goddamn vampire

And every girl I ever talked to told me you were bad, bad news
You called them crazy, God, I hate the way I called them crazy too
You're so convincing
How do you lie without flinching? (How do you lie? How do you lie? How do you lie?)
Ooh, what a mesmerizing, paralyzing, fucked up little thrill
Can't figure out just how you do it and God knows I never will
Went for me and not her
'Cause girls your age know better

I've made some real big mistakes
But you make the worst one look fine
I should've known it was strange
You only come out at night
I used to think I was smart
But you made me look so naive
The way you sold me for parts
As you sunk your teeth into me, oh
Bloodsucker, fame fucker
Bleedin' me dry like a goddamn vampire

(Ah)
You said it was true love, but wouldn't that be hard?
You can't love anyone 'cause that would mean you had a heart
I tried to help you out, now I know that I can't
'Cause how you think's the kind of thing I'll never understand

I've made some real big mistakes
But you make the worst one look fine
I should've known it was strange
You only come out at night
I used to think I was smart
But you made me look so naive
The way you sold me for parts
As you sunk your teeth into me, oh
Bloodsucker, fame fucker
Bleedin' me dry like a goddamn vampire"
Cruel Summer,Taylor Swift,2023,2020s,"237 ContributorsTranslations한국어 (Korean)TürkçeEspañolsrpskiPortuguêsPolskiItalianoMagyarDeutschFrançaisفارسی简体中文 (Simplified Chinese)Русский (Russian)العربيةУкраїнськаSvenskaไทย (Thai)Tiếng ViệtČeskySlovenščinaCatalàעברית (Hebrew)Cruel Summer Lyrics“Cruel Summer” narrates the fragility and uncertainty at the beginning of Taylor’s relationship with Joe Alwyn. The two met officially at the Met Gala in May 2016, although she was dating DJ Calvin Harris at… Read More 
(Yeah, yeah, yeah, yeah)

Fever dream high in the quiet of the night
You know that I caught it (Oh yeah, you're right, I want it)
Bad, bad boy, shiny toy with a price
You know that I bought it (Oh yeah, you're right, I want it)

Killing me slow, out the window
I'm always waiting for you to be waiting below
Devils roll the dice, angels roll their eyes
What doesn't kill me makes me want you more

And it's new, the shape of your body
It's blue, the feeling I've got
And it's ooh, woah-oh
It's a cruel summer
It's cool, that's what I tell 'em
No rules in breakable heaven
But ooh, woah-oh
It's a cruel summer with you

Hang your head low in the glow of the vending machine
I'm not dying (Oh yeah, you're right, I want it)
We say that we'll just screw it up in these trying times
We're not trying (Oh yeah, you're right, I want it)

So cut the headlights, summer's a knife
I'm always waiting for you just to cut to the bone
Devils roll the dice, angels roll their eyes
And if I bleed, you'll be the last to know, oh

It's new, the shape of your body
It's blue, the feeling I've got
And it's ooh, woah-oh
It's a cruel summer
It's cool, that's what I tell 'em
No rules in breakable heaven
But ooh, woah-oh
It's a cruel summer with you

I'm drunk in the back of the car
And I cried like a baby comin' home from the bar (Oh)
Said, ""I'm fine,"" but it wasn't true
I don't wanna keep secrets just to keep you
And I snuck in through the garden gate
Every night that summer just to seal my fate (Oh)
And I scream, ""For whatever it's worth
I love you, ain't that the worst thing you ever heard?""
He looks up, grinnin' like a devil

It's new, the shape of your body
It's blue, the feeling I've got
And it's ooh, woah-oh
It's a cruel summer
It's cool, that's what I tell 'em
No rules in breakable heaven
But ooh, woah-oh
It's a cruel summer with you

I'm drunk in the back of the car
And I cried like a baby comin' home from the bar (Oh)
Said, ""I'm fine,"" but it wasn't true
I don't wanna keep secrets just to keep you
And I snuck in through the garden gate
Every night that summer just to seal my fate (Oh)
And I scream, ""For whatever it's worth
I love you, ain't that the worst thing you ever heard?""
(Yeah, yeah, yeah, yeah)"
Last Night,Morgan Wallen,2023,2020s,"39 ContributorsTranslationsPortuguêsDeutschCatalàFrançaisEspañolLast Night Lyrics
Last night, we let the liquor talk
I can't remember everything we said, but we said it all
You told me that you wish I was somebody you never met
But, baby, baby, something's tellin' me this ain't over yet

No way it was our last night I kissed your lips
Make you grip the sheets with your fingertips
Last bottle of Jack, we split a fifth
Just talkin' 'bout life, goin' sip for sip
Yeah, you, you know you love to fight
And I say shit I don't mean
But I'm still gon' wake up wantin' you and me

I know that last night, we let the liquor talk
I can't remember everything we said, but we said it all
You told me that you wish I was somebody you never met
But, baby, baby, something's tellin' me this ain't over yet
No way it was our last night (Last night)
No way it was our last night (Last night)

No way it was the last night that we break up
I see your tail lights in the dust
You call your mama, I call your bluff
In the middle of the night, pull it right back up
Yeah, my, my friends say, ""Let her go""
Your friends say, ""What the hell?""
I wouldn't trade your kind of love for nothin' else

Oh, baby, last night, we let the liquor talk
I can't remember everything we said, but we said it all
You told me that you wish I was somebody you never met
But, baby, baby, something's tellin' me this ain't over yet
No way it was our last night, we said we'd had enough
I can't remember everything we said, but we said too much
I know you packed your shit and slammed the door right before you left
But, baby, baby, something's tellin' me this ain't over yet
No way it was our last night (Last night)
No way it was our last night (Last night)

I know you said this time you really weren't comin' back again
But, baby, baby, something's tellin' me this ain't over yet
No way it was our last night (Last night)
No way it was our last night (Last night)"
Paint The Town Red,Doja Cat,2023,2020s,"136 ContributorsTranslationsTürkçeDeutschEspañolPortuguêsFrançaisРусский (Russian)PolskiBahasa IndonesiaPaint The Town Red Lyrics
By
Walk on by
Walk on by
Walk on by
Walk on by

Yeah, bitch, I said what I said
I'd rather be famous instead
I let all that get to my head
I don’t care, I paint the town red
Bitch, I said what I said
I'd rather be famous instead
I let all that get to my head
I don't care, I paint the town red

Mm, she the devil
She a bad lil’ bitch, she a rebel
She put her foot to the pedal
It'll take a whole lot for me to settle
Mm, she the devil
She a bad lil' bitch, she a rebel
She put her foot to the pedal
It'll take a whole lot for me to settle (Yeah, yeah)

Said my happiness is all of your misery
I put good dick all in my kidneys
This Margiel' don't come with no jealousy
My illness don't come with no remedy
I am so much fun without Hennessy
They just want my love and my energy
You can't talk no shit without penalties
Bitch, I’m in yo’ shit if you send for me
I'm going to glow up one more time
Trust me, I have magical foresight
You gon’ see me sleepin' in courtside
You gon' see me eatin' ten more times
Ugh, you can’t take that bitch nowhere
Ugh, I look better with no hair
Ugh, ain't no sign I can't smoke here
Ugh, gimme the chance and I'll go there (Yeah)

Yeah, bitch, I said what I said
I'd rather be famous instead
I let all that get to my head
I don't care, I paint the town red
Bitch, I said what I said
I'd rather be famous instead
I let all that get to my head
I don't care, I paint the town red

Mm, she the devil
She a bad lil' bitch, she a rebel
She put her foot to the pedal
It'll take a whole lot for me to settle
Mm, she the devil
She a bad lil' bitch, she a rebel
She put her foot to the pedal
It'll take a whole lot for me to settle (Yeah, yeah)

Said pop make money, now you try, bitch
You could use a revamp with a new vibe, sis
I don't need a big feature or a new sidekick
I don't need a new fan 'cause my boo like it
I don't need to wear a wig to make you like it
I'm a two-time bitch, you ain't knew I'd win?
Throw a shot like you tryna have a food fight then
All my opps waitin' for me to be you, I bet
Said I got drive, I don't need a car
Money really all that we fiendin' for
I'm doin' things they ain't seen before
Fans ain't dumb, but extremists are
I'm a demon lord
Fall off what? I ain't seen the horse
Called your bluff, better cite the source
Fame ain't somethin' that I need no more

'Cause, bitch, I said what I said
I'd rather be famous instead
I let all that get to my head
I don't care, I paint the town red
Bitch, I said what I said
I'd rather be famous instead
I let all that get to my head
I don't care, I paint the town red

Mm, she the devil
She a bad lil' bitch, she a rebel
She put her foot to the pedal
It'll take a whole lot for me to settle
Mm, she the devil
She a bad lil' bitch, she a rebel
She put her foot to the pedal
It'll take a whole lot for me to settle

Walk on by
Walk on by
Walk on by
Walk on by
Walk on by"
Espresso,Sabrina Carpenter,2024,2020s,"144 ContributorsTranslationssrpskiNorskTürkçePolskiالعربيةFrançaisItalianoDeutschPortuguêsEspañolBahasa Indonesiaไทย (Thai)Tiếng ViệtSlovenčinaБеларускаяРусский (Russian)УкраїнськаΕλληνικάCatalà日本語 (Japanese)МакедонскиSuomiNederlands한국어 (Korean)Česky繁體中文 (Traditional Chinese)hrvatskiEspresso Lyrics“Espresso” is the first single from Sabrina Carpenter’s sixth studio album, Short n' Sweet. In the song, Sabrina likens herself to the coffee as her partner can’t sleep when he’s with her. The funky pop… Read More 
Now he's thinkin' 'bout me every night, oh
Is it that sweet? I guess so
Say you can't sleep, baby, I know
That's that me espresso
Move it up, down, left, right, oh
Switch it up like Nintendo
Say you can't sleep, baby, I know
That's that me espresso

I can't relate to desperation
My give-a-fucks are on vacation
And I got this one boy and he won't stop calling
When they act this way, I know I got 'em

(Mm) Too bad your ex don't do it for ya
(Mm) Walked in and dream-came-trued it for ya
(Mm) Soft skin and I perfumed it for ya
(Yes) I know I Mountain Dew it for ya
(Yes) That morning coffee, brewed it for ya
(Yes) One touch and I brand-newed it for ya (Ooh)

And now he's thinkin' 'bout me every night, oh
Is it that sweet? I guess so
Say you can't sleep, baby, I know
That's that me espresso
Move it up, down, left, right, oh
Switch it up like Nintendo
Say you can't sleep, baby, I know
That's that me espresso

Holy shit
Is it that sweet? I guess so (Mm)

I'm working late 'cause I'm a singer
Oh, he looks so cute wrapped 'round my finger
My twisted humor make him laugh so often
My honeybee, come and get this pollen

(Mm) Too bad your ex don't do it for ya
(Mm) Walked in and dream-came-trued it for ya
(Mm) Soft skin and I perfumed it for ya (Ayy, ayy, oh)
(Yes) I know I Mountain Dew it for ya
(Yes) That morning coffee, brewed it for ya
(Yes) One touch and I brand-newed it for ya (Stupid)

Now he's thinkin' 'bout me every night, oh
Is it that sweet? I guess so
Say you can't sleep, baby, I know
That's that me espresso
Move it up, down, left, right, oh
Switch it up like Nintendo
Say you can't sleep, baby, I know
That's that me espresso (Yes)
Thinkin' 'bout me every night, oh
Is it that sweet? I guess so (Yes)
Say you can't sleep, baby, I know
That's that me espresso (Yes)
Move it up, down, left, right, oh (Move it up, down, left, right, oh)
Switch it up like Nintendo (Yes)
Say you can't sleep, baby, I know
That's that me espresso

Is it that sweet? I guess so
Mm, that's that me espresso"
Fortnight,Taylor Swift,2024,2020s,"272 ContributorsTranslationsFrançaisItalianoTürkçePortuguêsEspañolالعربيةفارسیsrpskiNorskPolskiDeutschMagyarעברית (Hebrew)Slovenščinaไทย (Thai)МакедонскиTiếng ViệtRomână繁體中文 (Traditional Chinese)УкраїнськаČeskyРусский (Russian)БеларускаяCatalàNederlands日本語 (Japanese)Fortnight Lyrics“Fortnight” sees Taylor reminiscing on what could’ve been as she paints the picture of an “American town where the American Dream you thought would happen to you didn’t”. As the opener to Taylor’s eleventh… Read More 
I was supposed to be sent away
But they forgot to come and get me
I was a functioning alcoholic
'Til nobody noticed my new aesthetic
All of this to say I hope you're okay
But you're the reason
And no one here's to blame
But what about your quiet treason?

And for a fortnight there, we were forever
Run into you sometimes, ask about the weather
Now you're in my backyard, turned into good neighbors
Your wife waters flowers, I wanna kill her

All my mornings are Mondays stuck in an endless February
I took the miracle move-on drug, the effects were temporary
And I love you, it's ruining my life
I love you, it's ruining my life
I touched you for only a fortnight
I touched you, but I touched you

And for a fortnight there, we were forever
Run into you sometimes, ask about the weather
Now you're in my backyard, turned into good neighbors
Your wife waters flowers, I wanna kill her
And for a fortnight there, we were together
Run into you sometimes, comment on my sweater
Now you're at the mailbox, turned into good neighbors
My husband is cheating, I wanna kill him

I love you, it's ruining my life
I love you, it's ruining my life
I touched you for only a fortnight
I touched you, I touched you
I love you, it's ruining my life
I love you, it's ruining my life
I touched you for only a fortnight
I touched you, I touched you

Thought of callin' ya, but you won't pick up
'Nother fortnight lost in America
Move to Florida, buy the car you want
But it won't start up 'til you touch, touch, touch me
Thought of calling ya, but you won't pick up
'Nother fortnight lost in America
Move to Florida, buy the car you want
But it won't start up 'til I touch, touch, touch you"
Beautiful Things,Benson Boone,2024,2020s,"82 ContributorsTranslationsDeutschPortuguêsEspañolItalianoTiếng ViệtУкраїнськаNorskFrançaisBeautiful Things Lyrics“Beautiful Things” is the lead single off of Benson Boone’s debut album, Fireworks & Rollerblades. It was released on January 18, 2024. Boone began teasing the song on TikTok and Instagram on December 3, 2023… Read More 
For a while there, it was rough
But lately, I've been doin' better
Than the last four cold Decembers I recall
And I see my family every month
I found a girl my parents love
She'll come and stay the night, and I think I might have it all
And I thank God every day
For the girl He sent my way
But I know the things He gives me, He can take away
And I hold you every night
And that's a feeling I wanna get used to
But there's no man as terrified as the man who stands to lose you

Oh, I hope I don't losе you
Mm, please stay
I want you, I need you, oh God
Don't take
Thеse beautiful things that I've got

Please stay
I want you, I need you, oh God
Don't take
These beautiful things that I've got

Oh, ooh
Please don't take

I found my mind, I'm feelin' sane
It's been a while, but I'm finding my faith
If everything's good and it's great, why do I sit and wait 'til it's gone?
Oh, I'll tell ya, I know I've got enough
I've got peace and I've got love
But I'm up at night thinkin' I just might lose it all

Please stay
I want you, I need you, oh God
Don't take
These beautiful things that I've got

Oh, ooh

Please stay
I want you, I need you, oh God
I need
These beautiful things that I've got"
Lose Control,Teddy Swims,2024,2020s,"51 ContributorsTranslationsEspañolDeutschУкраїнськаNorskFrançaisTürkçeLose Control Lyrics
Something's got a hold of me lately
No, I don’t know myself anymore
Feels like the walls are all closin' in
And the devil's knockin’ at my door, woah
Out of my mind, how many times did I tell you
I'm no good at bein' alone?
Yeah, it's taken a toll on me, tryin' my best to keep
From tearin' the skin off my bones, don't you know

I lose control
When you're not next to me (When you’re not here with me)
I’m fallin' apart right in front of you, can’t you see?
I lose control
When you're not next to me, mhm
Yeah, you're breakin' my heart, baby
You make a mess of me

Problematic
Problem is I want your body like a fiend, like a bad habit
Bad habits hard to break when I’m with you
Yeah, I know I can do it on my own
But I want that real full-moon black magic and it takes two
Problematic
Problem is when I'm with you, I'm an addict
And I need some relief, my skin in your teeth
Can't see the forest through the trees
Got me down on my knees, darlin', please, oh

I lose control
When you're not next to me (When you're not here with me)
I'm fallin' apart right in front of you, can't you see?
I lose control
When you're not next to me, mhm
Yeah, you're breakin' my heart, baby
You make a mess of me, yeah

I lose control
When you're not here with me, mm
I'm fallin' apart right in front of you, can't you see?
I lose control
When you're not here with me, mhm
Yeah, you're breakin' my heart, baby
You make a mess of me"
Birds Of A Feather,Billie Eilish,2024,2020s,"194 ContributorsTranslationsPortuguêsالعربيةעברית (Hebrew)EspañolTürkçeΕλληνικάDeutschItalianoPolskiBahasa IndonesiaFrançaisРусский (Russian)Tiếng ViệtNorskShqipCatalàไทย (Thai)УкраїнськаKiswahiliČesky日本語 (Japanese)NederlandsBIRDS OF A FEATHER LyricsIn “BIRDS OF A FEATHER,” Billie expresses a belief in enduring love that persists until the end of life. She describes it as a powerful connection that remains resilient through challenges and emphasizes her… Read More 
(But I wanna stay)

I want you to stay
'Til I'm in the grave
'Til I rot away, dead and buried
'Til I'm in the casket you carry
If you go, I'm goin' too, uh
'Cause it was always you (Alright)
And if I'm turnin' blue, please don't save me
Nothin' left to lose without my baby

Birds of a feather, we should stick together, I know
I said I'd never think I wasn't better alone
Can't change the weather, might not be forever
But if it's forever, it's even better

And I don't know what I'm cryin' for
I don't think I could love you more
It might not be long, but baby, I

I'll love you 'til the day that I die
'Til the day that I die
'Til the light leaves my eyes
'Til the day that I die

I want you to see, hm
How you look to me, hm
You wouldn't believe if I told ya
You would keep the compliments I throw ya
But you're so full of shit, uh
Tell me it's a bit, oh
Say you don't see it, your mind's polluted
Say you wanna quit, don't be stupid

And I don't know what I'm cryin' for
I don't think I could love you more
It might not be long, but baby, I
Don't wanna say goodbye

Birds of a feather, we should stick together, I know ('Til the day that I die)
I said I'd never think I wasn't better alone ('Til the light leaves my eyes)
Can't change the weather, might not be forever ('Til the day that I die)
But if it's forever, it's even better

I knew you in another life
You had that same look in your eyes
I love you, don't act so surprised"
A Bar Song,Shaboozey,2024,2020s,
Not Like Us,Kendrick Lamar,2024,2020s,"1677 ContributorsTranslationsTürkçePortuguêsРусский (Russian)EspañolDeutschPolskiRomânăFrançaisالعربيةहिन्दी (Hindi)ItalianoУкраїнськаČeskyÖsterreichisches Deutscho‘zbekעברית (Hebrew)Not Like Us Lyrics“Not Like Us” is Kendrick Lamar’s fourth diss track directed at Drake, released on the evening of May 4, 2024, less than 24 hours after the release of “meet the grahams,” his third dedicated diss. On the… Read More 
Psst, I see dead people
(Mustard on the beat, ho)

Ayy, Mustard on the beat, ho
Deebo any rap nigga, he a free throw
Man down, call an amberlamps, tell him, ""Breathe, bro""
Nail a nigga to the cross, he walk around like Teezo
What's up with these jabroni-ass niggas tryna see Compton?
The industry can hate me, fuck 'em all and they mama
How many opps you really got? I mean, it's too many options
I'm finna pass on this body, I'm John Stockton
Beat your ass and hide the Bible if God watchin'
Sometimes you gotta pop out and show niggas
Certified boogeyman, I'm the one that up the score with 'em
Walk him down, whole time, I know he got some ho in him
Pole on him, extort shit, bully Death Row on him
Say, Drake, I hear you like 'em young
You better not ever go to cell block one
To any bitch that talk to him and they in love
Just make sure you hide your lil' sister from him
They tell me Chubbs the only one that get your hand-me-downs
And Party at the party playin' with his nose now
And Baka got a weird case, why is he around?
Certified Lover Boy? Certified pedophiles
Wop, wop, wop, wop, wop, Dot, fuck 'em up
Wop, wop, wop, wop, wop, I'ma do my stuff
Why you trollin' like a bitch? Ain't you tired?
Tryna strike a chord and it's probably A minor

They not like us, they not like us, they not like us
They not like us, they not like us, they not like us

You think the Bay gon' let you disrespect Pac, nigga?
I think that Oakland show gon' be your last stop, nigga
Did Cole foul, I don't know why you still pretendin'
What is the owl? Bird niggas and burnt bitches, go
The audience not dumb
Shape the stories how you want, hey, Drake, they're not slow
Rabbit hole is still deep, I can go further, I promise
Ain't that somethin'? B-Rad stands for bitch and you Malibu most wanted
Ain't no law, boy, you ball boy, fetch Gatorade or somethin'
Since 2009, I had this bitch jumpin'
You niggas'll get a wedgie, be flipped over your boxers
What OVO for? The ""Other Vaginal Option""? Pussy
Nigga better straighten they posture, got famous all up in Compton
Might write this for the doctorate, tell the pop star quit hidin'
Fuck a caption, want action, no accident
And I'm hands-on, he fuck around, get polished
Fucked on Wayne girl while he was in jail, that's connivin'
Then get his face tatted like a bitch apologizin'
I'm glad DeRoz' came home, y'all didn't deserve him neither
From Alondra down to Central, nigga better not speak on Serena
And your homeboy need subpoena, that predator move in flocks
That name gotta be registered and placed on neighborhood watch
I lean on you niggas like another line of Wock'
Yeah, it's all eyes on me, and I'ma send it up to Pac, ayy
Put the wrong label on me, I'ma get 'em dropped, ayy
Sweet Chin Music and I won't pass the aux, ayy
How many stocks do I really have in stock? Ayy
One, two, three, four, five, plus five, ayy
Devil is a lie, he a 69 God, ayy
Freaky-ass niggas need to stay they ass inside, ayy
Roll they ass up like a fresh pack of 'za, ayy
City is back up, it's a must, we outside, ayy

They not like us, they not like us, they not like us
They not like us, they not like us, they not like us

Once upon a time, all of us was in chains
Homie still doubled down callin' us some slaves
Atlanta was the Mecca, buildin' railroads and trains
Bear with me for a second, let me put y'all on game
The settlers was usin' townfolk to make 'em richer
Fast-forward, 2024, you got the same agenda
You run to Atlanta when you need a check balance
Let me break it down for you, this the real nigga challenge
You called Future when you didn't see the club (Ayy, what?)
Lil Baby helped you get your lingo up (What?)
21 gave you false street cred
Thug made you feel like you a slime in your head (Ayy, what?)
Quavo said you can be from Northside (What?)
2 Chainz say you good, but he lied
You run to Atlanta when you need a few dollars
No, you not a colleague, you a fuckin' colonizer
The family matter and the truth of the matter
It was God's plan to show y'all the liar

Mm
Mm-mm
He a fan, he a fan, he a fan (Mm)
He a fan, he a fan, he a
Freaky-ass nigga, he a 69 God
Freaky-ass nigga, he a 69 God
Hey, hey, hey, hey, run for your life
Hey, hey, hey, hey, run for your life
Freaky-ass nigga, he a 69 God
Freaky-ass nigga, he a 69 God
Hey, hey, hey, hey, run for your life
Hey, hey, hey, hey, run for your life
Let me hear you say, ""OV-ho"" (OV-ho)
Say, ""OV-ho"" (OV-ho)
Then step this way, step that way
Then step this way, step that way

Are you my friend?
Are we locked in?
Then step this way, step that way
Then step this way, step that way"
Die With A Smile,Lady Gaga,2024,2020s,"6 ContributorsTranslationsEnglishTürkçeEspañolPortuguêsDeutschFrançaisItalianoالعربيةΕλληνικάTiếng ViệtBahasa IndonesiaفارسیNederlands简体中文 (Simplified Chinese)ไทย (Thai)Русский (Russian)PolskiМакедонски日本語 (Japanese)עברית (Hebrew)УкраїнськаsrpskiČesky한국어 (Korean)हिन्दी (Hindi)DanskLady Gaga & Bruno Mars  - Die With A Smile (සිංහල පරිවර්තන) Lyricsඕහ්

මම, සිහිනයකින් අවදිවුනෙමි
ඒ ඔබත් මමත් සමුගන්නට සිදු වූ තැන සිට
ඒ වගේම මම දන්නේ නැහැ ඒ සියල්ලේම තේරුම
මම බේරුන නිසා, මට තේරුණා

ඔයා කොහේ ගියත් මම පස්සෙන් එනවා
හෙට කිසිවෙකුට පොරොන්දු වී නැත
ඒ නිසා මම අන්තිම රාත්‍රිය වගේ හැම රාත්‍රියකටම ඔබට ආදරෙයි
හරියට අන්තිම රාත්‍රිය වගේ

ලෝකය විනාශ වී යමින් තිබුණත්, මට ඔබ ලඟ සිටීමට අවශ්‍යයි
සාදය අවසන් වී, ලෝකයේ අපේ කාලය අවසන් වූයේ නම්
මට ඕන ඔයාව ටික දවසක් තියාගෙන හිනා වෙලා මැරෙන්න
ලෝකය විනාශ වී යයි නම් මට ඔබ අසල සිටීම අවශ්‍යයි

ඕහ්

ඕ, කෑගහන වචන අතර නැති වෙලා
මට තවදුරටත් මේ කිරීමට අවශ්‍ය නැත
මොකද ඔයා දැනටමත් දන්නවා ඔයා මට අදහස් කරන දේ
අපේ ආදරේ සටන් කිරීමට වටින යුද්ධයයි
ඔයා කොහේ ගියත් මං පස්සෙන් එනවා
හෙට කිසිවකුට පොරොන්දු වී නැත
මම අන්තිම රාත්‍රිය වගේ හැම රැය කම ඔබට ආදරේ

හරියට අන්තිම රෑ වගේ

ලෝක විනාශය අතළඟ නම්, මත ඔබ අසල සිටිය යුතුයි
සාදය අවසන් වී පෘථිවියේ අපේ කාලය අවසන් වූ නම්
මට ඕනෙ ඔයාව ටික දවසක් තියාගෙන හිනා වෙලා මැරෙන්න
ලෝකය විනාශ වෙනවා නම් මට ඔබ අතර සිටීම අවශ්‍ය

ඔබ අසලම
ඔබ අසල
ඔබ අසලම

ඕහ් ඕහ්

ලෝකය නැතිවී යනවා නම් මට ඔබ ළඟ සිටීම අවශ්‍යයි
සාදය අවසන් වී පෘථිවියේ අපේ කාලය අවසන් වූයේ නම්
මට ඕන ඔයාව ටික දවසක් තියාගෙන හිනා වෙලා මැරෙන්න
ලෝකෙ විනාශ වෙනවා නම් මට ඔබ අසල සිටීම අවශ්‍යයි

ලෝකය විනාශ වෙනවා නම් මට ඔබ ළඟ සිටීම අවශ්‍ය වේ

ඕහ්

මට ඔබ ළඟ සිටීම අවශ්‍යයි"
Taste,Sabrina Carpenter,2024,2020s,"113 ContributorsTranslationsTürkçeTiếng ViệtPolskiFrançaisEspañolsrpskiPortuguêsDeutschCatalàРусский (Russian)Italianoไทย (Thai)Македонски简体中文 (Simplified Chinese)УкраїнськаБеларускаяΕλληνικάČeskyFilipinoBahasa IndonesiahrvatskiNederlandsNederlandsNorsk한국어 (Korean)Taste Lyrics“Taste” is the first track off of Sabrina Carpenter’s sixth studio album, Short n’ Sweet. It was released as the highly anticipated third single from the album with a music video featuring female actress… Read More 
Oh, I leave quite an impression
Five feet to be exact
You're wonderin' why half his clothes went missin'
My body's where they're at

Now I'm gone, but you're still layin'
Next to me, one degree of separation

I heard you're back together and if that's true
You'll just have to taste me when he's kissin' you
If you want forever, and I bet you do
Just know you'll taste me too

Uh-huh

He pins you down on the carpet
Makes paintings with his tongue (La-la-la-la-la-la-la)
Hе's funny now, all his jokes hit different
Guеss who he learned that from?

Now I'm gone, but you're still layin'
Next to me, one degree of separation

I heard you're back together and if that's true
You'll just have to taste me when he's kissin' you
If you want forever, and I bet you do (I bet you do)
Just know you'll taste me too

La-la-la-la-la-la-la

Every time you close your eyes
And feel his lips, you're feelin' mine
And every time you breathe his air
Just know I was already there
You can have him if you like
I've been there, done that once or twice
And singin' 'bout it don't mean I care
Yeah, I know I've been known to share

Well, I heard you're back together and if that's true
You'll just have to taste me when he's kissin' you
If you want forever, and I bet you do (I bet you do)
Just know you'll taste me too

Taste me too, ow (La-la-la-la-la-la-la)
You'll just have to taste me when he's kissin' you
You, no, yeah, ah-ah (La-la-la-la-la-la-la)
You'll just have to taste me when he's kissin' you"
APT,Rose,2024,2020s,
